2026-02-09T00:45:48.514Z [mcp-bridge] INFO: [context7] 2 tools registered
2026-02-09T00:45:48.536Z [mcp-bridge] INFO: [effect-docs] 2 tools registered
2026-02-09T00:45:48.536Z [mcp-bridge] INFO: [anime-js] 5 tools registered
2026-02-09T00:45:48.537Z [mcp-bridge] INFO: [nia] 12 tools registered
2026-02-09T00:45:48.537Z [mcp-bridge] INFO: [firecrawl] 8 tools registered
2026-02-09T00:45:48.537Z [mcp-bridge] INFO: Total: 38 tools from 7 servers
2026-02-09T00:46:08.033Z [eisenhower] INFO: extension:loaded
2026-02-09T00:46:08.120Z [mcp-bridge] INFO: [exa] 7 tools registered
2026-02-09T00:46:08.120Z [mcp-bridge] INFO: [deepwiki] 2 tools registered
2026-02-09T00:46:08.120Z [mcp-bridge] INFO: [context7] 2 tools registered
2026-02-09T00:46:08.120Z [mcp-bridge] INFO: [effect-docs] 2 tools registered
2026-02-09T00:46:08.120Z [mcp-bridge] INFO: [anime-js] 5 tools registered
2026-02-09T00:46:08.121Z [mcp-bridge] INFO: [nia] 12 tools registered
2026-02-09T00:46:08.121Z [mcp-bridge] INFO: [firecrawl] 8 tools registered
2026-02-09T00:46:08.121Z [mcp-bridge] INFO: Total: 38 tools from 7 servers
2026-02-09T00:47:48.930Z [eisenhower] INFO: run_strict:start actor=prime-stream-validation
2026-02-09T00:47:48.931Z [eisenhower] DEBUG: eisenhower_create_run:start
2026-02-09T00:47:48.954Z [eisenhower] INFO: eisenhower_create_run:ok
2026-02-09T00:47:48.954Z [eisenhower] DEBUG: eisenhower_compile_plan:start
2026-02-09T00:47:48.957Z [eisenhower] INFO: eisenhower_compile_plan:ok
2026-02-09T00:47:48.958Z [eisenhower] DEBUG: eisenhower_run_validation:start
2026-02-09T00:47:48.966Z [eisenhower] INFO: eisenhower_run_validation:ok
2026-02-09T00:47:48.966Z [eisenhower] DEBUG: eisenhower_draft_verdict:start
2026-02-09T00:47:48.976Z [eisenhower] INFO: eisenhower_draft_verdict:ok
2026-02-09T00:47:48.977Z [eisenhower] DEBUG: eisenhower_ratify_phase1:start
2026-02-09T00:47:48.981Z [eisenhower] INFO: eisenhower_ratify_phase1:ok
2026-02-09T00:47:48.981Z [eisenhower] DEBUG: eisenhower_ratify_phase2:start
2026-02-09T00:47:48.991Z [eisenhower] INFO: eisenhower_ratify_phase2:ok
2026-02-09T00:47:48.991Z [eisenhower] DEBUG: eisenhower_replay:start
2026-02-09T00:47:48.995Z [eisenhower] INFO: eisenhower_replay:ok
2026-02-09T00:47:48.995Z [eisenhower] INFO: run_strict:complete runId=run-4bb7474e-bd5b-40bb-8ff8-8ed4f8fbbc5f winner=A replay=passed strict=0 tolerant=0
2026-02-09T01:12:04.158Z [eisenhower] INFO: extension:loaded
2026-02-09T01:12:04.295Z [mcp-bridge] INFO: [exa] 7 tools registered
2026-02-09T01:12:04.295Z [mcp-bridge] INFO: [deepwiki] 2 tools registered
2026-02-09T01:12:04.295Z [mcp-bridge] INFO: [context7] 2 tools registered
2026-02-09T01:12:04.295Z [mcp-bridge] INFO: [effect-docs] 2 tools registered
2026-02-09T01:12:04.295Z [mcp-bridge] INFO: [anime-js] 5 tools registered
2026-02-09T01:12:04.296Z [mcp-bridge] INFO: [nia] 12 tools registered
2026-02-09T01:12:04.296Z [mcp-bridge] INFO: [firecrawl] 8 tools registered
2026-02-09T01:12:04.296Z [mcp-bridge] INFO: Total: 38 tools from 7 servers
2026-02-09T01:12:13.605Z [eisenhower] INFO: extension:loaded
2026-02-09T01:12:13.688Z [mcp-bridge] INFO: [exa] 7 tools registered
2026-02-09T01:12:13.689Z [mcp-bridge] INFO: [deepwiki] 2 tools registered
2026-02-09T01:12:13.689Z [mcp-bridge] INFO: [context7] 2 tools registered
2026-02-09T01:12:13.689Z [mcp-bridge] INFO: [effect-docs] 2 tools registered
2026-02-09T01:12:13.689Z [mcp-bridge] INFO: [anime-js] 5 tools registered
2026-02-09T01:12:13.689Z [mcp-bridge] INFO: [nia] 12 tools registered
2026-02-09T01:12:13.689Z [mcp-bridge] INFO: [firecrawl] 8 tools registered
2026-02-09T01:12:13.690Z [mcp-bridge] INFO: Total: 38 tools from 7 servers
2026-02-09T01:12:21.138Z [eisenhower] INFO: extension:loaded
2026-02-09T01:12:21.222Z [mcp-bridge] INFO: [exa] 7 tools registered
2026-02-09T01:12:21.222Z [mcp-bridge] INFO: [deepwiki] 2 tools registered
2026-02-09T01:12:21.222Z [mcp-bridge] INFO: [context7] 2 tools registered
2026-02-09T01:12:21.222Z [mcp-bridge] INFO: [effect-docs] 2 tools registered
2026-02-09T01:12:21.222Z [mcp-bridge] INFO: [anime-js] 5 tools registered
2026-02-09T01:12:21.222Z [mcp-bridge] INFO: [nia] 12 tools registered
2026-02-09T01:12:21.223Z [mcp-bridge] INFO: [firecrawl] 8 tools registered
2026-02-09T01:12:21.223Z [mcp-bridge] INFO: Total: 38 tools from 7 servers
2026-02-09T01:12:26.580Z [eisenhower] INFO: extension:loaded
2026-02-09T01:12:26.662Z [mcp-bridge] INFO: [exa] 7 tools registered
2026-02-09T01:12:26.662Z [mcp-bridge] INFO: [deepwiki] 2 tools registered
2026-02-09T01:12:26.662Z [mcp-bridge] INFO: [context7] 2 tools registered
2026-02-09T01:12:26.662Z [mcp-bridge] INFO: [effect-docs] 2 tools registered
2026-02-09T01:12:26.662Z [mcp-bridge] INFO: [anime-js] 5 tools registered
2026-02-09T01:12:26.663Z [mcp-bridge] INFO: [nia] 12 tools registered
2026-02-09T01:12:26.663Z [mcp-bridge] INFO: [firecrawl] 8 tools registered
2026-02-09T01:12:26.663Z [mcp-bridge] INFO: Total: 38 tools from 7 servers
2026-02-09T01:12:32.814Z [eisenhower] INFO: extension:loaded
2026-02-09T01:12:32.900Z [mcp-bridge] INFO: [exa] 7 tools registered
2026-02-09T01:12:32.900Z [mcp-bridge] INFO: [deepwiki] 2 tools registered
2026-02-09T01:12:32.900Z [mcp-bridge] INFO: [context7] 2 tools registered
2026-02-09T01:12:32.900Z [mcp-bridge] INFO: [effect-docs] 2 tools registered
2026-02-09T01:12:32.900Z [mcp-bridge] INFO: [anime-js] 5 tools registered
2026-02-09T01:12:32.901Z [mcp-bridge] INFO: [nia] 12 tools registered
2026-02-09T01:12:32.901Z [mcp-bridge] INFO: [firecrawl] 8 tools registered
2026-02-09T01:12:32.901Z [mcp-bridge] INFO: Total: 38 tools from 7 servers
2026-02-09T02:14:33.989Z [eisenhower] INFO: extension:loaded
2026-02-09T02:14:34.085Z [mcp-bridge] INFO: [exa] 7 tools registered
2026-02-09T02:14:34.085Z [mcp-bridge] INFO: [deepwiki] 2 tools registered
2026-02-09T02:14:34.085Z [mcp-bridge] INFO: [context7] 2 tools registered
2026-02-09T02:14:34.085Z [mcp-bridge] INFO: [effect-docs] 2 tools registered
2026-02-09T02:14:34.085Z [mcp-bridge] INFO: [anime-js] 5 tools registered
2026-02-09T02:14:34.086Z [mcp-bridge] INFO: [nia] 12 tools registered
2026-02-09T02:14:34.086Z [mcp-bridge] INFO: [firecrawl] 8 tools registered
2026-02-09T02:14:34.086Z [mcp-bridge] INFO: Total: 38 tools from 7 servers
2026-02-09T02:14:34.948Z [mcp-bridge] INFO: Refreshing tool cache in background...
2026-02-09T02:14:34.948Z [mcp-bridge] INFO: Running tool discovery for 7 servers...
2026-02-09T02:14:42.370Z [mcp-bridge] INFO: Cache written: 7 servers
2026-02-09T02:14:42.370Z [mcp-bridge] INFO: Cache written: 7 servers
2026-02-09T02:15:17.617Z [eisenhower] INFO: extension:loaded
2026-02-09T02:15:17.710Z [mcp-bridge] INFO: [exa] 7 tools registered
2026-02-09T02:15:17.710Z [mcp-bridge] INFO: [deepwiki] 2 tools registered
2026-02-09T02:15:17.710Z [mcp-bridge] INFO: [context7] 2 tools registered
2026-02-09T02:15:17.710Z [mcp-bridge] INFO: [effect-docs] 2 tools registered
2026-02-09T02:15:17.710Z [mcp-bridge] INFO: [anime-js] 5 tools registered
2026-02-09T02:15:17.711Z [mcp-bridge] INFO: [nia] 12 tools registered
2026-02-09T02:15:17.711Z [mcp-bridge] INFO: [firecrawl] 8 tools registered
2026-02-09T02:15:17.711Z [mcp-bridge] INFO: Total: 38 tools from 7 servers
2026-02-09T02:16:47.783Z [eisenhower] INFO: extension:loaded
2026-02-09T02:16:47.877Z [mcp-bridge] INFO: [exa] 7 tools registered
2026-02-09T02:16:47.878Z [mcp-bridge] INFO: [deepwiki] 2 tools registered
2026-02-09T02:16:47.878Z [mcp-bridge] INFO: [context7] 2 tools registered
2026-02-09T02:16:47.878Z [mcp-bridge] INFO: [effect-docs] 2 tools registered
2026-02-09T02:16:47.878Z [mcp-bridge] INFO: [anime-js] 5 tools registered
2026-02-09T02:16:47.878Z [mcp-bridge] INFO: [nia] 12 tools registered
2026-02-09T02:16:47.879Z [mcp-bridge] INFO: [firecrawl] 8 tools registered
2026-02-09T02:16:47.879Z [mcp-bridge] INFO: Total: 38 tools from 7 servers
2026-02-09T02:17:13.404Z [eisenhower] INFO: extension:loaded
2026-02-09T02:17:13.496Z [mcp-bridge] INFO: [exa] 7 tools registered
2026-02-09T02:17:13.496Z [mcp-bridge] INFO: [deepwiki] 2 tools registered
2026-02-09T02:17:13.496Z [mcp-bridge] INFO: [context7] 2 tools registered
2026-02-09T02:17:13.496Z [mcp-bridge] INFO: [effect-docs] 2 tools registered
2026-02-09T02:17:13.496Z [mcp-bridge] INFO: [anime-js] 5 tools registered
2026-02-09T02:17:13.497Z [mcp-bridge] INFO: [nia] 12 tools registered
2026-02-09T02:17:13.497Z [mcp-bridge] INFO: [firecrawl] 8 tools registered
2026-02-09T02:17:13.497Z [mcp-bridge] INFO: Total: 38 tools from 7 servers
2026-02-09T07:10:13.499Z [eisenhower] INFO: extension:loaded
2026-02-09T07:10:13.581Z [mcp-bridge] INFO: [exa] 7 tools registered
2026-02-09T07:10:13.581Z [mcp-bridge] INFO: [deepwiki] 2 tools registered
2026-02-09T07:10:13.581Z [mcp-bridge] INFO: [context7] 2 tools registered
2026-02-09T07:10:13.582Z [mcp-bridge] INFO: [effect-docs] 2 tools registered
2026-02-09T07:10:13.582Z [mcp-bridge] INFO: [anime-js] 5 tools registered
2026-02-09T07:10:13.582Z [mcp-bridge] INFO: [nia] 12 tools registered
2026-02-09T07:10:13.582Z [mcp-bridge] INFO: [firecrawl] 8 tools registered
2026-02-09T07:10:13.582Z [mcp-bridge] INFO: Total: 38 tools from 7 servers
2026-02-09T07:10:14.256Z [mcp-bridge] INFO: Refreshing tool cache in background...
2026-02-09T07:10:14.256Z [mcp-bridge] INFO: Running tool discovery for 7 servers...
2026-02-09T07:10:19.366Z [mcp-bridge] INFO: Cache written: 7 servers
2026-02-09T07:10:19.367Z [mcp-bridge] INFO: Cache written: 7 servers
2026-02-09T07:25:40.438Z [eisenhower] INFO: extension:loaded
2026-02-09T07:25:40.515Z [mcp-bridge] INFO: [exa] 7 tools registered
2026-02-09T07:25:40.515Z [mcp-bridge] INFO: [deepwiki] 2 tools registered
2026-02-09T07:25:40.515Z [mcp-bridge] INFO: [context7] 2 tools registered
2026-02-09T07:25:40.515Z [mcp-bridge] INFO: [effect-docs] 2 tools registered
2026-02-09T07:25:40.515Z [mcp-bridge] INFO: [anime-js] 5 tools registered
2026-02-09T07:25:40.516Z [mcp-bridge] INFO: [nia] 12 tools registered
2026-02-09T07:25:40.516Z [mcp-bridge] INFO: [firecrawl] 8 tools registered
2026-02-09T07:25:40.516Z [mcp-bridge] INFO: Total: 38 tools from 7 servers
2026-02-09T07:57:04.157Z [eisenhower] INFO: extension:loaded
2026-02-09T07:57:23.310Z [mcp-bridge] INFO: [exa] 7 tools registered
2026-02-09T07:57:23.310Z [mcp-bridge] INFO: [deepwiki] 2 tools registered
2026-02-09T07:57:23.310Z [mcp-bridge] INFO: [context7] 2 tools registered
2026-02-09T07:57:23.310Z [mcp-bridge] INFO: [effect-docs] 2 tools registered
2026-02-09T07:57:23.310Z [mcp-bridge] INFO: [anime-js] 5 tools registered
2026-02-09T07:57:23.311Z [mcp-bridge] INFO: [nia] 12 tools registered
2026-02-09T07:57:23.323Z [mcp-bridge] INFO: [firecrawl] 8 tools registered
2026-02-09T07:57:23.323Z [mcp-bridge] INFO: Total: 38 tools from 7 servers
2026-02-09T08:19:10.252Z [eisenhower] INFO: extension:loaded
2026-02-09T08:19:10.336Z [mcp-bridge] INFO: [exa] 7 tools registered
2026-02-09T08:19:10.336Z [mcp-bridge] INFO: [deepwiki] 2 tools registered
2026-02-09T08:19:10.336Z [mcp-bridge] INFO: [context7] 2 tools registered
2026-02-09T08:19:10.336Z [mcp-bridge] INFO: [effect-docs] 2 tools registered
2026-02-09T08:19:10.337Z [mcp-bridge] INFO: [anime-js] 5 tools registered
2026-02-09T08:19:10.337Z [mcp-bridge] INFO: [nia] 12 tools registered
2026-02-09T08:19:10.337Z [mcp-bridge] INFO: [firecrawl] 8 tools registered
2026-02-09T08:19:10.337Z [mcp-bridge] INFO: Total: 38 tools from 7 servers
2026-02-09T08:19:11.043Z [mcp-bridge] INFO: Refreshing tool cache in background...
2026-02-09T08:19:11.043Z [mcp-bridge] INFO: Running tool discovery for 7 servers...
2026-02-09T08:20:00.439Z [mcp-bridge] INFO: Cache written: 7 servers
2026-02-09T08:20:00.441Z [mcp-bridge] INFO: Cache written: 7 servers
2026-02-09T08:59:49.236Z [eisenhower] INFO: extension:loaded
2026-02-09T08:59:49.325Z [mcp-bridge] INFO: [exa] 7 tools registered
2026-02-09T08:59:49.325Z [mcp-bridge] INFO: [deepwiki] 2 tools registered
2026-02-09T08:59:49.325Z [mcp-bridge] INFO: [context7] 2 tools registered
2026-02-09T08:59:49.325Z [mcp-bridge] INFO: [anime-js] 5 tools registered
2026-02-09T08:59:49.325Z [mcp-bridge] INFO: [nia] 12 tools registered
2026-02-09T08:59:49.326Z [mcp-bridge] INFO: [firecrawl] 8 tools registered
2026-02-09T08:59:49.326Z [mcp-bridge] INFO: Total: 36 tools from 7 servers
2026-02-09T09:33:05.932Z [eisenhower] INFO: extension:loaded
2026-02-09T09:33:06.016Z [mcp-bridge] INFO: [exa] 7 tools registered
2026-02-09T09:33:06.016Z [mcp-bridge] INFO: [deepwiki] 2 tools registered
2026-02-09T09:33:06.016Z [mcp-bridge] INFO: [context7] 2 tools registered
2026-02-09T09:33:06.016Z [mcp-bridge] INFO: [anime-js] 5 tools registered
2026-02-09T09:33:06.016Z [mcp-bridge] INFO: [nia] 12 tools registered
2026-02-09T09:33:06.017Z [mcp-bridge] INFO: [firecrawl] 8 tools registered
2026-02-09T09:33:06.017Z [mcp-bridge] INFO: Total: 36 tools from 7 servers
2026-02-09T09:33:06.760Z [mcp-bridge] INFO: Refreshing tool cache in background...
2026-02-09T09:33:06.760Z [mcp-bridge] INFO: Running tool discovery for 7 servers...
2026-02-09T09:33:11.809Z [mcp-bridge] INFO: Cache written: 7 servers
2026-02-09T09:33:11.811Z [mcp-bridge] INFO: Cache written: 7 servers
2026-02-09T09:52:49.380Z [eisenhower] INFO: extension:loaded
2026-02-09T09:52:49.475Z [mcp-bridge] INFO: [exa] 7 tools registered
2026-02-09T09:52:49.475Z [mcp-bridge] INFO: [deepwiki] 2 tools registered
2026-02-09T09:52:49.475Z [mcp-bridge] INFO: [context7] 2 tools registered
2026-02-09T09:52:49.475Z [mcp-bridge] INFO: [effect-docs] 2 tools registered
2026-02-09T09:52:49.475Z [mcp-bridge] INFO: [anime-js] 5 tools registered
2026-02-09T09:52:49.476Z [mcp-bridge] INFO: [nia] 12 tools registered
2026-02-09T09:52:49.476Z [mcp-bridge] INFO: [firecrawl] 8 tools registered
2026-02-09T09:52:49.476Z [mcp-bridge] INFO: Total: 38 tools from 7 servers
2026-02-09T13:37:44.805Z [eisenhower] INFO: extension:loaded
2026-02-09T13:37:44.900Z [mcp-bridge] INFO: [exa] 7 tools registered
2026-02-09T13:37:44.900Z [mcp-bridge] INFO: [deepwiki] 2 tools registered
2026-02-09T13:37:44.900Z [mcp-bridge] INFO: [context7] 2 tools registered
2026-02-09T13:37:44.901Z [mcp-bridge] INFO: [effect-docs] 2 tools registered
2026-02-09T13:37:44.901Z [mcp-bridge] INFO: [anime-js] 5 tools registered
2026-02-09T13:37:44.901Z [mcp-bridge] INFO: [nia] 12 tools registered
2026-02-09T13:37:44.901Z [mcp-bridge] INFO: [firecrawl] 8 tools registered
2026-02-09T13:37:44.902Z [mcp-bridge] INFO: Total: 38 tools from 7 servers
2026-02-09T13:37:45.614Z [mcp-bridge] INFO: Refreshing tool cache in background...
2026-02-09T13:37:45.614Z [mcp-bridge] INFO: Running tool discovery for 7 servers...
2026-02-09T13:38:19.531Z [mcp-bridge] INFO: Cache written: 7 servers
2026-02-09T13:38:19.533Z [mcp-bridge] INFO: Cache written: 7 servers
2026-02-09T15:27:48.632Z [eisenhower] INFO: extension:loaded
2026-02-09T15:27:48.772Z [mcp-bridge] INFO: [exa] 7 tools registered
2026-02-09T15:27:48.772Z [mcp-bridge] INFO: [deepwiki] 2 tools registered
2026-02-09T15:27:48.772Z [mcp-bridge] INFO: [context7] 2 tools registered
2026-02-09T15:27:48.772Z [mcp-bridge] INFO: [effect-docs] 2 tools registered
2026-02-09T15:27:48.773Z [mcp-bridge] INFO: [nia] 12 tools registered
2026-02-09T15:27:48.773Z [mcp-bridge] INFO: [firecrawl] 8 tools registered
2026-02-09T15:27:48.773Z [mcp-bridge] INFO: Total: 33 tools from 7 servers
2026-02-09T15:29:05.459Z [mcp-bridge] INFO: Refreshing tool cache in background...
2026-02-09T15:29:05.459Z [mcp-bridge] INFO: Running tool discovery for 7 servers...
2026-02-09T15:30:04.661Z [mcp-bridge] INFO: Cache written: 7 servers
2026-02-09T15:30:04.661Z [mcp-bridge] INFO: Cache written: 7 servers
2026-02-09T15:50:29.601Z [eisenhower] INFO: extension:loaded
2026-02-09T15:50:29.601Z [eisenhower] INFO: extension:loaded
2026-02-09T15:50:30.281Z [mcp-bridge] INFO: [exa] 7 tools registered
2026-02-09T15:50:30.282Z [mcp-bridge] INFO: [context7] 2 tools registered
2026-02-09T15:50:30.282Z [mcp-bridge] INFO: [effect-docs] 2 tools registered
2026-02-09T15:50:30.282Z [mcp-bridge] INFO: [anime-js] 5 tools registered
2026-02-09T15:50:30.283Z [mcp-bridge] INFO: [nia] 12 tools registered
2026-02-09T15:50:30.283Z [mcp-bridge] INFO: Total: 28 tools from 7 servers
2026-02-09T15:50:30.289Z [mcp-bridge] INFO: [exa] 7 tools registered
2026-02-09T15:50:30.289Z [mcp-bridge] INFO: [context7] 2 tools registered
2026-02-09T15:50:30.289Z [mcp-bridge] INFO: [effect-docs] 2 tools registered
2026-02-09T15:50:30.289Z [mcp-bridge] INFO: [anime-js] 5 tools registered
2026-02-09T15:50:30.290Z [mcp-bridge] INFO: [nia] 12 tools registered
2026-02-09T15:50:30.290Z [mcp-bridge] INFO: Total: 28 tools from 7 servers
2026-02-09T15:51:49.791Z [eisenhower] INFO: extension:loaded
2026-02-09T15:51:49.886Z [mcp-bridge] INFO: [exa] 7 tools registered
2026-02-09T15:51:49.886Z [mcp-bridge] INFO: [context7] 2 tools registered
2026-02-09T15:51:49.886Z [mcp-bridge] INFO: [effect-docs] 2 tools registered
2026-02-09T15:51:49.886Z [mcp-bridge] INFO: [anime-js] 5 tools registered
2026-02-09T15:51:49.887Z [mcp-bridge] INFO: [nia] 12 tools registered
2026-02-09T15:51:49.887Z [mcp-bridge] INFO: Total: 28 tools from 7 servers
2026-02-09T16:04:20.544Z [eisenhower] INFO: extension:loaded
2026-02-09T16:04:20.637Z [mcp-bridge] INFO: [exa] 7 tools registered
2026-02-09T16:04:20.637Z [mcp-bridge] INFO: [context7] 2 tools registered
2026-02-09T16:04:20.638Z [mcp-bridge] INFO: [effect-docs] 2 tools registered
2026-02-09T16:04:20.638Z [mcp-bridge] INFO: [anime-js] 5 tools registered
2026-02-09T16:04:20.638Z [mcp-bridge] INFO: [nia] 12 tools registered
2026-02-09T16:04:20.638Z [mcp-bridge] INFO: Total: 28 tools from 7 servers
2026-02-09T16:08:03.399Z [eisenhower] INFO: extension:loaded
2026-02-09T16:08:03.488Z [mcp-bridge] INFO: [exa] 7 tools registered
2026-02-09T16:08:03.489Z [mcp-bridge] INFO: [context7] 2 tools registered
2026-02-09T16:08:03.489Z [mcp-bridge] INFO: [effect-docs] 2 tools registered
2026-02-09T16:08:03.489Z [mcp-bridge] INFO: [anime-js] 5 tools registered
2026-02-09T16:08:03.489Z [mcp-bridge] INFO: [nia] 12 tools registered
2026-02-09T16:08:03.489Z [mcp-bridge] INFO: Total: 28 tools from 7 servers
2026-02-09T16:09:59.174Z [eisenhower] INFO: extension:loaded
2026-02-09T16:09:59.284Z [mcp-bridge] INFO: [exa] 7 tools registered
2026-02-09T16:09:59.285Z [mcp-bridge] INFO: [context7] 2 tools registered
2026-02-09T16:09:59.285Z [mcp-bridge] INFO: [effect-docs] 2 tools registered
2026-02-09T16:09:59.285Z [mcp-bridge] INFO: [anime-js] 5 tools registered
2026-02-09T16:09:59.285Z [mcp-bridge] INFO: [nia] 12 tools registered
2026-02-09T16:09:59.285Z [mcp-bridge] INFO: Total: 28 tools from 7 servers
2026-02-09T16:09:59.335Z [eisenhower] INFO: extension:loaded
2026-02-09T16:09:59.430Z [mcp-bridge] INFO: [exa] 7 tools registered
2026-02-09T16:09:59.431Z [mcp-bridge] INFO: [context7] 2 tools registered
2026-02-09T16:09:59.431Z [mcp-bridge] INFO: [effect-docs] 2 tools registered
2026-02-09T16:09:59.431Z [mcp-bridge] INFO: [anime-js] 5 tools registered
2026-02-09T16:09:59.431Z [mcp-bridge] INFO: [nia] 12 tools registered
2026-02-09T16:09:59.431Z [mcp-bridge] INFO: Total: 28 tools from 7 servers
2026-02-09T16:09:59.529Z [eisenhower] INFO: extension:loaded
2026-02-09T16:09:59.627Z [mcp-bridge] INFO: [exa] 7 tools registered
2026-02-09T16:09:59.627Z [mcp-bridge] INFO: [context7] 2 tools registered
2026-02-09T16:09:59.628Z [mcp-bridge] INFO: [effect-docs] 2 tools registered
2026-02-09T16:09:59.628Z [mcp-bridge] INFO: [anime-js] 5 tools registered
2026-02-09T16:09:59.628Z [mcp-bridge] INFO: [nia] 12 tools registered
2026-02-09T16:09:59.628Z [mcp-bridge] INFO: Total: 28 tools from 7 servers
2026-02-09T16:10:18.627Z [eisenhower] INFO: extension:loaded
2026-02-09T16:10:18.717Z [mcp-bridge] INFO: [exa] 7 tools registered
2026-02-09T16:10:18.717Z [mcp-bridge] INFO: [context7] 2 tools registered
2026-02-09T16:10:18.717Z [mcp-bridge] INFO: [effect-docs] 2 tools registered
2026-02-09T16:10:18.717Z [mcp-bridge] INFO: [anime-js] 5 tools registered
2026-02-09T16:10:18.718Z [mcp-bridge] INFO: [nia] 12 tools registered
2026-02-09T16:10:18.718Z [mcp-bridge] INFO: Total: 28 tools from 7 servers
2026-02-09T16:11:31.671Z [eisenhower] INFO: extension:loaded
2026-02-09T16:11:31.763Z [mcp-bridge] INFO: [exa] 7 tools registered
2026-02-09T16:11:31.763Z [mcp-bridge] INFO: [context7] 2 tools registered
2026-02-09T16:11:31.764Z [mcp-bridge] INFO: [effect-docs] 2 tools registered
2026-02-09T16:11:31.764Z [mcp-bridge] INFO: [anime-js] 5 tools registered
2026-02-09T16:11:31.764Z [mcp-bridge] INFO: [nia] 12 tools registered
2026-02-09T16:11:31.764Z [mcp-bridge] INFO: Total: 28 tools from 7 servers
2026-02-09T16:11:32.466Z [eisenhower] INFO: extension:loaded
2026-02-09T16:11:32.563Z [mcp-bridge] INFO: [exa] 7 tools registered
2026-02-09T16:11:32.563Z [mcp-bridge] INFO: [context7] 2 tools registered
2026-02-09T16:11:32.563Z [mcp-bridge] INFO: [effect-docs] 2 tools registered
2026-02-09T16:11:32.563Z [mcp-bridge] INFO: [anime-js] 5 tools registered
2026-02-09T16:11:32.563Z [mcp-bridge] INFO: [nia] 12 tools registered
2026-02-09T16:11:32.563Z [mcp-bridge] INFO: Total: 28 tools from 7 servers
2026-02-09T16:12:16.775Z [eisenhower] INFO: extension:loaded
2026-02-09T16:12:16.866Z [mcp-bridge] INFO: [exa] 7 tools registered
2026-02-09T16:12:16.866Z [mcp-bridge] INFO: [context7] 2 tools registered
2026-02-09T16:12:16.866Z [mcp-bridge] INFO: [effect-docs] 2 tools registered
2026-02-09T16:12:16.866Z [mcp-bridge] INFO: [anime-js] 5 tools registered
2026-02-09T16:12:16.867Z [mcp-bridge] INFO: [nia] 12 tools registered
2026-02-09T16:12:16.867Z [mcp-bridge] INFO: Total: 28 tools from 7 servers
2026-02-09T16:16:37.112Z [eisenhower] INFO: extension:loaded
2026-02-09T16:16:37.212Z [mcp-bridge] INFO: [exa] 7 tools registered
2026-02-09T16:16:37.212Z [mcp-bridge] INFO: [context7] 2 tools registered
2026-02-09T16:16:37.213Z [mcp-bridge] INFO: [effect-docs] 2 tools registered
2026-02-09T16:16:37.213Z [mcp-bridge] INFO: [anime-js] 5 tools registered
2026-02-09T16:16:37.213Z [mcp-bridge] INFO: [nia] 12 tools registered
2026-02-09T16:16:37.213Z [mcp-bridge] INFO: Total: 28 tools from 7 servers
2026-02-09T16:18:47.502Z [eisenhower] INFO: extension:loaded
2026-02-09T16:18:47.605Z [mcp-bridge] INFO: [exa] 7 tools registered
2026-02-09T16:18:47.605Z [mcp-bridge] INFO: [context7] 2 tools registered
2026-02-09T16:18:47.605Z [mcp-bridge] INFO: [effect-docs] 2 tools registered
2026-02-09T16:18:47.605Z [mcp-bridge] INFO: [anime-js] 5 tools registered
2026-02-09T16:18:47.605Z [mcp-bridge] INFO: [nia] 12 tools registered
2026-02-09T16:18:47.606Z [mcp-bridge] INFO: Total: 28 tools from 7 servers
2026-02-09T16:21:07.052Z [eisenhower] INFO: extension:loaded
2026-02-09T16:21:07.166Z [mcp-bridge] INFO: [exa] 7 tools registered
2026-02-09T16:21:07.166Z [mcp-bridge] INFO: [context7] 2 tools registered
2026-02-09T16:21:07.166Z [mcp-bridge] INFO: [effect-docs] 2 tools registered
2026-02-09T16:21:07.167Z [mcp-bridge] INFO: [anime-js] 5 tools registered
2026-02-09T16:21:07.167Z [mcp-bridge] INFO: [nia] 12 tools registered
2026-02-09T16:21:07.167Z [mcp-bridge] INFO: Total: 28 tools from 7 servers
2026-02-09T16:21:07.291Z [eisenhower] INFO: extension:loaded
2026-02-09T16:21:07.424Z [mcp-bridge] INFO: [exa] 7 tools registered
2026-02-09T16:21:07.425Z [mcp-bridge] INFO: [context7] 2 tools registered
2026-02-09T16:21:07.425Z [mcp-bridge] INFO: [effect-docs] 2 tools registered
2026-02-09T16:21:07.425Z [mcp-bridge] INFO: [anime-js] 5 tools registered
2026-02-09T16:21:07.426Z [mcp-bridge] INFO: [nia] 12 tools registered
2026-02-09T16:21:07.426Z [mcp-bridge] INFO: Total: 28 tools from 7 servers
2026-02-09T16:24:45.329Z [eisenhower] INFO: extension:loaded
2026-02-09T16:24:45.743Z [mcp-bridge] INFO: [exa] 7 tools registered
2026-02-09T16:24:45.743Z [mcp-bridge] INFO: [context7] 2 tools registered
2026-02-09T16:24:45.743Z [mcp-bridge] INFO: [effect-docs] 2 tools registered
2026-02-09T16:24:45.743Z [mcp-bridge] INFO: [anime-js] 5 tools registered
2026-02-09T16:24:45.744Z [mcp-bridge] INFO: [nia] 12 tools registered
2026-02-09T16:24:45.744Z [mcp-bridge] INFO: Total: 28 tools from 7 servers
2026-02-09T16:32:20.531Z [eisenhower] INFO: extension:loaded
2026-02-09T16:32:22.492Z [mcp-bridge] INFO: [exa] 7 tools registered
2026-02-09T16:32:22.492Z [mcp-bridge] INFO: [context7] 2 tools registered
2026-02-09T16:32:22.493Z [mcp-bridge] INFO: [effect-docs] 2 tools registered
2026-02-09T16:32:22.493Z [mcp-bridge] INFO: [anime-js] 5 tools registered
2026-02-09T16:32:22.494Z [mcp-bridge] INFO: [nia] 12 tools registered
2026-02-09T16:32:22.494Z [mcp-bridge] INFO: Total: 28 tools from 7 servers
2026-02-09T16:32:27.646Z [mcp-bridge] INFO: Refreshing tool cache in background...
2026-02-09T16:32:27.647Z [mcp-bridge] INFO: Running tool discovery for 7 servers...
2026-02-09T16:33:22.618Z [mcp-bridge] INFO: Cache written: 7 servers
2026-02-09T16:33:22.618Z [mcp-bridge] INFO: Cache written: 7 servers
2026-02-09T16:40:26.721Z [eisenhower] INFO: extension:loaded
2026-02-09T16:40:27.357Z [mcp-bridge] INFO: [exa] 7 tools registered
2026-02-09T16:40:27.357Z [mcp-bridge] INFO: [context7] 2 tools registered
2026-02-09T16:40:27.357Z [mcp-bridge] INFO: [effect-docs] 2 tools registered
2026-02-09T16:40:27.358Z [mcp-bridge] INFO: [nia] 12 tools registered
2026-02-09T16:40:27.358Z [mcp-bridge] INFO: [firecrawl] 8 tools registered
2026-02-09T16:40:27.358Z [mcp-bridge] INFO: Total: 31 tools from 7 servers
2026-02-09T16:48:54.259Z [eisenhower] INFO: extension:loaded
2026-02-09T16:48:54.399Z [mcp-bridge] INFO: [exa] 7 tools registered
2026-02-09T16:48:54.399Z [mcp-bridge] INFO: [context7] 2 tools registered
2026-02-09T16:48:54.399Z [mcp-bridge] INFO: [effect-docs] 2 tools registered
2026-02-09T16:48:54.399Z [mcp-bridge] INFO: [nia] 12 tools registered
2026-02-09T16:48:54.400Z [mcp-bridge] INFO: [firecrawl] 8 tools registered
2026-02-09T16:48:54.400Z [mcp-bridge] INFO: Total: 31 tools from 7 servers
2026-02-09T16:49:58.615Z [eisenhower] INFO: extension:loaded
2026-02-09T16:49:58.711Z [mcp-bridge] INFO: [exa] 7 tools registered
2026-02-09T16:49:58.711Z [mcp-bridge] INFO: [context7] 2 tools registered
2026-02-09T16:49:58.711Z [mcp-bridge] INFO: [effect-docs] 2 tools registered
2026-02-09T16:49:58.711Z [mcp-bridge] INFO: [nia] 12 tools registered
2026-02-09T16:49:58.712Z [mcp-bridge] INFO: [firecrawl] 8 tools registered
2026-02-09T16:49:58.712Z [mcp-bridge] INFO: Total: 31 tools from 7 servers
2026-02-09T16:52:41.663Z [eisenhower] INFO: extension:loaded
2026-02-09T16:52:41.757Z [mcp-bridge] INFO: [exa] 7 tools registered
2026-02-09T16:52:41.758Z [mcp-bridge] INFO: [context7] 2 tools registered
2026-02-09T16:52:41.758Z [mcp-bridge] INFO: [effect-docs] 2 tools registered
2026-02-09T16:52:41.758Z [mcp-bridge] INFO: [nia] 12 tools registered
2026-02-09T16:52:41.758Z [mcp-bridge] INFO: [firecrawl] 8 tools registered
2026-02-09T16:52:41.758Z [mcp-bridge] INFO: Total: 31 tools from 7 servers
2026-02-09T16:56:31.242Z [eisenhower] INFO: extension:loaded
2026-02-09T16:56:31.332Z [mcp-bridge] INFO: [exa] 7 tools registered
2026-02-09T16:56:31.333Z [mcp-bridge] INFO: [context7] 2 tools registered
2026-02-09T16:56:31.333Z [mcp-bridge] INFO: [effect-docs] 2 tools registered
2026-02-09T16:56:31.333Z [mcp-bridge] INFO: [nia] 12 tools registered
2026-02-09T16:56:31.333Z [mcp-bridge] INFO: [firecrawl] 8 tools registered
2026-02-09T16:56:31.333Z [mcp-bridge] INFO: Total: 31 tools from 7 servers
2026-02-09T17:07:40.367Z [eisenhower] INFO: extension:loaded
2026-02-09T17:07:40.464Z [mcp-bridge] INFO: [exa] 7 tools registered
2026-02-09T17:07:40.464Z [mcp-bridge] INFO: [context7] 2 tools registered
2026-02-09T17:07:40.464Z [mcp-bridge] INFO: [effect-docs] 2 tools registered
2026-02-09T17:07:40.465Z [mcp-bridge] INFO: [nia] 12 tools registered
2026-02-09T17:07:40.465Z [mcp-bridge] INFO: [firecrawl] 8 tools registered
2026-02-09T17:07:40.465Z [mcp-bridge] INFO: Total: 31 tools from 7 servers
2026-02-09T17:33:13.388Z [eisenhower] INFO: extension:loaded
2026-02-09T17:33:13.481Z [mcp-bridge] INFO: [exa] 7 tools registered
2026-02-09T17:33:13.481Z [mcp-bridge] INFO: [context7] 2 tools registered
2026-02-09T17:33:13.481Z [mcp-bridge] INFO: [effect-docs] 2 tools registered
2026-02-09T17:33:13.482Z [mcp-bridge] INFO: [nia] 12 tools registered
2026-02-09T17:33:13.482Z [mcp-bridge] INFO: [firecrawl] 8 tools registered
2026-02-09T17:33:13.482Z [mcp-bridge] INFO: Total: 31 tools from 7 servers
2026-02-09T17:51:01.147Z [eisenhower] INFO: extension:loaded
2026-02-09T17:51:01.243Z [mcp-bridge] INFO: [exa] 7 tools registered
2026-02-09T17:51:01.243Z [mcp-bridge] INFO: [context7] 2 tools registered
2026-02-09T17:51:01.243Z [mcp-bridge] INFO: [effect-docs] 2 tools registered
2026-02-09T17:51:01.246Z [mcp-bridge] INFO: [nia] 12 tools registered
2026-02-09T17:51:01.246Z [mcp-bridge] INFO: [firecrawl] 8 tools registered
2026-02-09T17:51:01.246Z [mcp-bridge] INFO: Total: 31 tools from 7 servers
2026-02-09T17:51:02.022Z [mcp-bridge] INFO: Refreshing tool cache in background...
2026-02-09T17:51:02.023Z [mcp-bridge] INFO: Running tool discovery for 7 servers...
2026-02-09T17:51:35.259Z [mcp-bridge] INFO: Cache written: 7 servers
2026-02-09T17:51:35.260Z [mcp-bridge] INFO: Cache written: 7 servers
2026-02-09T19:21:56.996Z [eisenhower] INFO: extension:loaded
2026-02-09T19:21:57.135Z [mcp-bridge] INFO: [exa] 7 tools registered
2026-02-09T19:21:57.135Z [mcp-bridge] INFO: [context7] 2 tools registered
2026-02-09T19:21:57.135Z [mcp-bridge] INFO: [effect-docs] 2 tools registered
2026-02-09T19:21:57.135Z [mcp-bridge] INFO: [anime-js] 5 tools registered
2026-02-09T19:21:57.135Z [mcp-bridge] INFO: [firecrawl] 8 tools registered
2026-02-09T19:21:57.135Z [mcp-bridge] INFO: Total: 24 tools from 7 servers
2026-02-09T19:22:56.007Z [mcp-bridge] INFO: Refreshing tool cache in background...
2026-02-09T19:22:56.007Z [mcp-bridge] INFO: Running tool discovery for 7 servers...
2026-02-09T19:23:17.812Z [mcp-bridge] INFO: Cache written: 7 servers
2026-02-09T19:23:17.814Z [mcp-bridge] INFO: Cache written: 7 servers
2026-02-09T20:11:19.284Z [eisenhower] INFO: extension:loaded
2026-02-09T20:11:19.424Z [mcp-bridge] INFO: [exa] 7 tools registered
2026-02-09T20:11:19.424Z [mcp-bridge] INFO: [context7] 2 tools registered
2026-02-09T20:11:19.425Z [mcp-bridge] INFO: [effect-docs] 2 tools registered
2026-02-09T20:11:19.425Z [mcp-bridge] INFO: [anime-js] 5 tools registered
2026-02-09T20:11:19.425Z [mcp-bridge] INFO: [nia] 12 tools registered
2026-02-09T20:11:19.425Z [mcp-bridge] INFO: [firecrawl] 8 tools registered
2026-02-09T20:11:19.425Z [mcp-bridge] INFO: Total: 36 tools from 7 servers
2026-02-09T20:14:35.189Z [eisenhower] INFO: extension:loaded
2026-02-09T20:14:35.273Z [mcp-bridge] INFO: [exa] 7 tools registered
2026-02-09T20:14:35.273Z [mcp-bridge] INFO: [context7] 2 tools registered
2026-02-09T20:14:35.273Z [mcp-bridge] INFO: [effect-docs] 2 tools registered
2026-02-09T20:14:35.273Z [mcp-bridge] INFO: [anime-js] 5 tools registered
2026-02-09T20:14:35.274Z [mcp-bridge] INFO: [nia] 12 tools registered
2026-02-09T20:14:35.274Z [mcp-bridge] INFO: [firecrawl] 8 tools registered
2026-02-09T20:14:35.274Z [mcp-bridge] INFO: Total: 36 tools from 7 servers
2026-02-09T20:20:57.958Z [eisenhower] INFO: extension:loaded
2026-02-09T20:20:58.046Z [mcp-bridge] INFO: [exa] 7 tools registered
2026-02-09T20:20:58.046Z [mcp-bridge] INFO: [context7] 2 tools registered
2026-02-09T20:20:58.046Z [mcp-bridge] INFO: [effect-docs] 2 tools registered
2026-02-09T20:20:58.046Z [mcp-bridge] INFO: [anime-js] 5 tools registered
2026-02-09T20:20:58.047Z [mcp-bridge] INFO: [nia] 12 tools registered
2026-02-09T20:20:58.047Z [mcp-bridge] INFO: [firecrawl] 8 tools registered
2026-02-09T20:20:58.047Z [mcp-bridge] INFO: Total: 36 tools from 7 servers
2026-02-09T20:55:56.100Z [eisenhower] INFO: extension:loaded
2026-02-09T20:55:56.241Z [mcp-bridge] INFO: [exa] 7 tools registered
2026-02-09T20:55:56.241Z [mcp-bridge] INFO: [context7] 2 tools registered
2026-02-09T20:55:56.241Z [mcp-bridge] INFO: [effect-docs] 2 tools registered
2026-02-09T20:55:56.242Z [mcp-bridge] INFO: [anime-js] 5 tools registered
2026-02-09T20:55:56.242Z [mcp-bridge] INFO: [nia] 12 tools registered
2026-02-09T20:55:56.242Z [mcp-bridge] INFO: [firecrawl] 8 tools registered
2026-02-09T20:55:56.242Z [mcp-bridge] INFO: Total: 36 tools from 7 servers
2026-02-09T20:56:35.234Z [mcp-bridge] INFO: Refreshing tool cache in background...
2026-02-09T20:56:35.234Z [mcp-bridge] INFO: Running tool discovery for 7 servers...
2026-02-09T20:56:58.675Z [mcp-bridge] INFO: Cache written: 7 servers
2026-02-09T20:56:58.675Z [mcp-bridge] INFO: Cache written: 7 servers
2026-02-09T22:13:39.308Z [eisenhower] INFO: extension:loaded
2026-02-09T22:14:03.453Z [mcp-bridge] INFO: [exa] 7 tools registered
2026-02-09T22:14:03.454Z [mcp-bridge] INFO: [context7] 2 tools registered
2026-02-09T22:14:03.454Z [mcp-bridge] INFO: [effect-docs] 2 tools registered
2026-02-09T22:14:03.454Z [mcp-bridge] INFO: [anime-js] 5 tools registered
2026-02-09T22:14:03.454Z [mcp-bridge] INFO: [nia] 12 tools registered
2026-02-09T22:14:03.454Z [mcp-bridge] INFO: [firecrawl] 8 tools registered
2026-02-09T22:14:03.455Z [mcp-bridge] INFO: Total: 36 tools from 7 servers
2026-02-09T22:14:53.608Z [mcp-bridge] INFO: Refreshing tool cache in background...
2026-02-09T22:14:53.609Z [mcp-bridge] INFO: Running tool discovery for 7 servers...
2026-02-09T22:16:09.336Z [mcp-bridge] INFO: Cache written: 7 servers
2026-02-09T22:16:09.336Z [mcp-bridge] INFO: Cache written: 7 servers
2026-02-09T23:25:34.900Z [eisenhower] INFO: extension:loaded
2026-02-09T23:25:35.341Z [mcp-bridge] INFO: [exa] 7 tools registered
2026-02-09T23:25:35.341Z [mcp-bridge] INFO: [deepwiki] 2 tools registered
2026-02-09T23:25:35.341Z [mcp-bridge] INFO: [context7] 2 tools registered
2026-02-09T23:25:35.342Z [mcp-bridge] INFO: [effect-docs] 2 tools registered
2026-02-09T23:25:35.342Z [mcp-bridge] INFO: Total: 13 tools from 7 servers
2026-02-09T23:25:40.369Z [mcp-bridge] INFO: Refreshing tool cache in background...
2026-02-09T23:25:40.370Z [mcp-bridge] INFO: Running tool discovery for 7 servers...
2026-02-09T23:26:02.393Z [mcp-bridge] INFO: Cache written: 7 servers
2026-02-09T23:26:02.394Z [mcp-bridge] INFO: Cache written: 7 servers
2026-02-10T03:25:15.863Z [eisenhower] INFO: extension:loaded
2026-02-10T03:25:18.060Z [mcp-bridge] INFO: [exa] 7 tools registered
2026-02-10T03:25:18.060Z [mcp-bridge] INFO: [deepwiki] 2 tools registered
2026-02-10T03:25:18.060Z [mcp-bridge] INFO: [context7] 2 tools registered
2026-02-10T03:25:18.060Z [mcp-bridge] INFO: [effect-docs] 2 tools registered
2026-02-10T03:25:18.060Z [mcp-bridge] INFO: [anime-js] 5 tools registered
2026-02-10T03:25:18.061Z [mcp-bridge] INFO: [nia] 12 tools registered
2026-02-10T03:25:18.061Z [mcp-bridge] INFO: [firecrawl] 8 tools registered
2026-02-10T03:25:18.061Z [mcp-bridge] INFO: Total: 38 tools from 7 servers
2026-02-10T03:25:35.927Z [mcp-bridge] INFO: Refreshing tool cache in background...
2026-02-10T03:25:35.928Z [mcp-bridge] INFO: Running tool discovery for 7 servers...
2026-02-10T03:26:25.159Z [eisenhower] INFO: extension:loaded
2026-02-10T03:26:25.567Z [mcp-bridge] INFO: [exa] 7 tools registered
2026-02-10T03:26:25.568Z [mcp-bridge] INFO: [deepwiki] 2 tools registered
2026-02-10T03:26:25.568Z [mcp-bridge] INFO: [context7] 2 tools registered
2026-02-10T03:26:25.568Z [mcp-bridge] INFO: [effect-docs] 2 tools registered
2026-02-10T03:26:25.568Z [mcp-bridge] INFO: [anime-js] 5 tools registered
2026-02-10T03:26:25.569Z [mcp-bridge] INFO: [nia] 12 tools registered
2026-02-10T03:26:25.569Z [mcp-bridge] INFO: [firecrawl] 8 tools registered
2026-02-10T03:26:25.570Z [mcp-bridge] INFO: Total: 38 tools from 7 servers
2026-02-10T03:26:34.022Z [mcp-bridge] INFO: Cache written: 7 servers
2026-02-10T03:26:34.023Z [mcp-bridge] INFO: Cache written: 7 servers
2026-02-10T03:26:34.523Z [mcp-bridge] INFO: Refreshing tool cache in background...
2026-02-10T03:26:34.524Z [mcp-bridge] INFO: Running tool discovery for 7 servers...
2026-02-10T03:27:26.589Z [eisenhower] INFO: extension:loaded
2026-02-10T03:27:26.781Z [mcp-bridge] INFO: [exa] 7 tools registered
2026-02-10T03:27:26.782Z [mcp-bridge] INFO: [deepwiki] 2 tools registered
2026-02-10T03:27:26.782Z [mcp-bridge] INFO: [context7] 2 tools registered
2026-02-10T03:27:26.782Z [mcp-bridge] INFO: [anime-js] 5 tools registered
2026-02-10T03:27:26.783Z [mcp-bridge] INFO: [nia] 12 tools registered
2026-02-10T03:27:26.783Z [mcp-bridge] INFO: [firecrawl] 8 tools registered
2026-02-10T03:27:26.784Z [mcp-bridge] INFO: Total: 36 tools from 7 servers
2026-02-10T03:27:33.401Z [mcp-bridge] INFO: Cache written: 7 servers
2026-02-10T03:27:33.401Z [mcp-bridge] INFO: Cache written: 7 servers
2026-02-10T05:34:32.986Z [eisenhower] INFO: extension:loaded
2026-02-10T05:34:32.989Z [eisenhower] INFO: extension:loaded
2026-02-10T05:34:32.998Z [eisenhower] INFO: extension:loaded
2026-02-10T05:34:33.121Z [mcp-bridge] INFO: [exa] 7 tools registered
2026-02-10T05:34:33.121Z [mcp-bridge] INFO: [exa] 7 tools registered
2026-02-10T05:34:33.121Z [mcp-bridge] INFO: [deepwiki] 2 tools registered
2026-02-10T05:34:33.121Z [mcp-bridge] INFO: [deepwiki] 2 tools registered
2026-02-10T05:34:33.121Z [mcp-bridge] INFO: [context7] 2 tools registered
2026-02-10T05:34:33.121Z [mcp-bridge] INFO: [context7] 2 tools registered
2026-02-10T05:34:33.121Z [mcp-bridge] INFO: [effect-docs] 2 tools registered
2026-02-10T05:34:33.121Z [mcp-bridge] INFO: [effect-docs] 2 tools registered
2026-02-10T05:34:33.121Z [mcp-bridge] INFO: [exa] 7 tools registered
2026-02-10T05:34:33.121Z [mcp-bridge] INFO: [deepwiki] 2 tools registered
2026-02-10T05:34:33.121Z [mcp-bridge] INFO: [context7] 2 tools registered
2026-02-10T05:34:33.121Z [mcp-bridge] INFO: [effect-docs] 2 tools registered
2026-02-10T05:34:33.121Z [mcp-bridge] INFO: [nia] 12 tools registered
2026-02-10T05:34:33.121Z [mcp-bridge] INFO: [nia] 12 tools registered
2026-02-10T05:34:33.122Z [mcp-bridge] INFO: [firecrawl] 8 tools registered
2026-02-10T05:34:33.122Z [mcp-bridge] INFO: Total: 33 tools from 7 servers
2026-02-10T05:34:33.122Z [mcp-bridge] INFO: [firecrawl] 8 tools registered
2026-02-10T05:34:33.122Z [mcp-bridge] INFO: [nia] 12 tools registered
2026-02-10T05:34:33.122Z [mcp-bridge] INFO: Total: 33 tools from 7 servers
2026-02-10T05:34:33.122Z [mcp-bridge] INFO: [firecrawl] 8 tools registered
2026-02-10T05:34:33.122Z [mcp-bridge] INFO: Total: 33 tools from 7 servers
2026-02-10T05:34:37.544Z [mcp-bridge] INFO: Refreshing tool cache in background...
2026-02-10T05:34:37.545Z [mcp-bridge] INFO: Refreshing tool cache in background...
2026-02-10T05:34:37.545Z [mcp-bridge] INFO: Running tool discovery for 7 servers...
2026-02-10T05:34:37.545Z [mcp-bridge] INFO: Refreshing tool cache in background...
2026-02-10T05:34:37.545Z [mcp-bridge] INFO: Running tool discovery for 7 servers...
2026-02-10T05:34:37.546Z [mcp-bridge] INFO: Running tool discovery for 7 servers...
2026-02-10T05:36:07.743Z [mcp-bridge] ERROR: Discovery failed: — spawnSync /bin/sh ETIMEDOUT
2026-02-10T05:36:07.743Z [mcp-bridge] ERROR: Discovery failed: — spawnSync /bin/sh ETIMEDOUT
2026-02-10T05:36:07.751Z [mcp-bridge] ERROR: Discovery failed: — spawnSync /bin/sh ETIMEDOUT
2026-02-10T05:41:57.395Z [eisenhower] INFO: extension:loaded
2026-02-10T05:42:02.597Z [mcp-bridge] INFO: [exa] 7 tools registered
2026-02-10T05:42:02.597Z [mcp-bridge] INFO: [deepwiki] 2 tools registered
2026-02-10T05:42:02.597Z [mcp-bridge] INFO: [context7] 2 tools registered
2026-02-10T05:42:02.597Z [mcp-bridge] INFO: [effect-docs] 2 tools registered
2026-02-10T05:42:02.598Z [mcp-bridge] INFO: [nia] 12 tools registered
2026-02-10T05:42:02.598Z [mcp-bridge] INFO: [firecrawl] 8 tools registered
2026-02-10T05:42:02.599Z [mcp-bridge] INFO: Total: 33 tools from 7 servers
2026-02-10T05:42:14.079Z [mcp-bridge] INFO: Refreshing tool cache in background...
2026-02-10T05:42:14.079Z [mcp-bridge] INFO: Running tool discovery for 7 servers...
2026-02-10T05:42:22.062Z [mcp-bridge] INFO: Cache written: 7 servers
2026-02-10T05:42:22.063Z [mcp-bridge] INFO: Cache written: 7 servers
2026-02-10T05:44:54.993Z [eisenhower] INFO: extension:loaded
2026-02-10T05:44:55.037Z [mcp-bridge] INFO: [exa] 7 tools registered
2026-02-10T05:44:55.038Z [mcp-bridge] INFO: [deepwiki] 2 tools registered
2026-02-10T05:44:55.038Z [mcp-bridge] INFO: [context7] 2 tools registered
2026-02-10T05:44:55.038Z [mcp-bridge] INFO: [effect-docs] 2 tools registered
2026-02-10T05:44:55.038Z [mcp-bridge] INFO: [anime-js] 5 tools registered
2026-02-10T05:44:55.038Z [mcp-bridge] INFO: [nia] 12 tools registered
2026-02-10T05:44:55.038Z [mcp-bridge] INFO: [firecrawl] 8 tools registered
2026-02-10T05:44:55.038Z [mcp-bridge] INFO: Total: 38 tools from 7 servers
2026-02-10T05:58:32.729Z [eisenhower] INFO: extension:loaded
2026-02-10T05:58:32.731Z [eisenhower] INFO: extension:loaded
2026-02-10T05:58:35.536Z [mcp-bridge] INFO: [exa] 7 tools registered
2026-02-10T05:58:35.536Z [mcp-bridge] INFO: [deepwiki] 2 tools registered
2026-02-10T05:58:35.537Z [mcp-bridge] INFO: [context7] 2 tools registered
2026-02-10T05:58:35.537Z [mcp-bridge] INFO: [effect-docs] 2 tools registered
2026-02-10T05:58:35.537Z [mcp-bridge] INFO: [anime-js] 5 tools registered
2026-02-10T05:58:35.537Z [mcp-bridge] INFO: [exa] 7 tools registered
2026-02-10T05:58:35.537Z [mcp-bridge] INFO: [nia] 12 tools registered
2026-02-10T05:58:35.538Z [mcp-bridge] INFO: [deepwiki] 2 tools registered
2026-02-10T05:58:35.538Z [mcp-bridge] INFO: [context7] 2 tools registered
2026-02-10T05:58:35.538Z [mcp-bridge] INFO: [effect-docs] 2 tools registered
2026-02-10T05:58:35.538Z [mcp-bridge] INFO: [firecrawl] 8 tools registered
2026-02-10T05:58:35.538Z [mcp-bridge] INFO: [anime-js] 5 tools registered
2026-02-10T05:58:35.538Z [mcp-bridge] INFO: Total: 38 tools from 7 servers
2026-02-10T05:58:35.538Z [mcp-bridge] INFO: [nia] 12 tools registered
2026-02-10T05:58:35.539Z [mcp-bridge] INFO: [firecrawl] 8 tools registered
2026-02-10T05:58:35.539Z [mcp-bridge] INFO: Total: 38 tools from 7 servers
2026-02-10T06:01:00.801Z [eisenhower] INFO: extension:loaded
2026-02-10T06:01:00.801Z [eisenhower] INFO: extension:loaded
2026-02-10T06:01:00.929Z [mcp-bridge] INFO: [exa] 7 tools registered
2026-02-10T06:01:00.929Z [mcp-bridge] INFO: [exa] 7 tools registered
2026-02-10T06:01:00.929Z [mcp-bridge] INFO: [deepwiki] 2 tools registered
2026-02-10T06:01:00.929Z [mcp-bridge] INFO: [deepwiki] 2 tools registered
2026-02-10T06:01:00.930Z [mcp-bridge] INFO: [context7] 2 tools registered
2026-02-10T06:01:00.930Z [mcp-bridge] INFO: [context7] 2 tools registered
2026-02-10T06:01:00.930Z [mcp-bridge] INFO: [effect-docs] 2 tools registered
2026-02-10T06:01:00.930Z [mcp-bridge] INFO: [effect-docs] 2 tools registered
2026-02-10T06:01:00.930Z [mcp-bridge] INFO: [anime-js] 5 tools registered
2026-02-10T06:01:00.930Z [mcp-bridge] INFO: [anime-js] 5 tools registered
2026-02-10T06:01:00.930Z [mcp-bridge] INFO: [nia] 12 tools registered
2026-02-10T06:01:00.930Z [mcp-bridge] INFO: [firecrawl] 8 tools registered
2026-02-10T06:01:00.930Z [mcp-bridge] INFO: Total: 38 tools from 7 servers
2026-02-10T06:01:00.931Z [mcp-bridge] INFO: [nia] 12 tools registered
2026-02-10T06:01:00.931Z [mcp-bridge] INFO: [firecrawl] 8 tools registered
2026-02-10T06:01:00.931Z [mcp-bridge] INFO: Total: 38 tools from 7 servers
2026-02-10T06:04:27.120Z [eisenhower] INFO: extension:loaded
2026-02-10T06:04:27.423Z [mcp-bridge] INFO: [exa] 7 tools registered
2026-02-10T06:04:27.424Z [mcp-bridge] INFO: [deepwiki] 2 tools registered
2026-02-10T06:04:27.424Z [mcp-bridge] INFO: [context7] 2 tools registered
2026-02-10T06:04:27.424Z [mcp-bridge] INFO: [effect-docs] 2 tools registered
2026-02-10T06:04:27.424Z [mcp-bridge] INFO: [anime-js] 5 tools registered
2026-02-10T06:04:27.424Z [mcp-bridge] INFO: [nia] 12 tools registered
2026-02-10T06:04:27.425Z [mcp-bridge] INFO: [firecrawl] 8 tools registered
2026-02-10T06:04:27.425Z [mcp-bridge] INFO: Total: 38 tools from 7 servers
2026-02-10T06:04:53.970Z [eisenhower] INFO: extension:loaded
2026-02-10T06:04:55.663Z [mcp-bridge] INFO: [exa] 7 tools registered
2026-02-10T06:04:55.665Z [mcp-bridge] INFO: [deepwiki] 2 tools registered
2026-02-10T06:04:55.665Z [mcp-bridge] INFO: [context7] 2 tools registered
2026-02-10T06:04:55.668Z [mcp-bridge] INFO: [effect-docs] 2 tools registered
2026-02-10T06:04:55.668Z [mcp-bridge] INFO: [anime-js] 5 tools registered
2026-02-10T06:04:55.668Z [mcp-bridge] INFO: [nia] 12 tools registered
2026-02-10T06:04:55.669Z [mcp-bridge] INFO: [firecrawl] 8 tools registered
2026-02-10T06:04:55.669Z [mcp-bridge] INFO: Total: 38 tools from 7 servers
2026-02-10T06:17:04.702Z [eisenhower] INFO: extension:loaded
2026-02-10T06:17:04.738Z [mcp-bridge] INFO: [exa] 7 tools registered
2026-02-10T06:17:04.739Z [mcp-bridge] INFO: [deepwiki] 2 tools registered
2026-02-10T06:17:04.739Z [mcp-bridge] INFO: [context7] 2 tools registered
2026-02-10T06:17:04.739Z [mcp-bridge] INFO: [effect-docs] 2 tools registered
2026-02-10T06:17:04.739Z [mcp-bridge] INFO: [anime-js] 5 tools registered
2026-02-10T06:17:04.739Z [mcp-bridge] INFO: [nia] 12 tools registered
2026-02-10T06:17:04.739Z [mcp-bridge] INFO: [firecrawl] 8 tools registered
2026-02-10T06:17:04.739Z [mcp-bridge] INFO: Total: 38 tools from 7 servers
2026-02-10T06:18:16.932Z [eisenhower] INFO: extension:loaded
2026-02-10T06:18:49.432Z [mcp-bridge] INFO: [exa] 7 tools registered
2026-02-10T06:18:49.432Z [mcp-bridge] INFO: [deepwiki] 2 tools registered
2026-02-10T06:18:49.432Z [mcp-bridge] INFO: [context7] 2 tools registered
2026-02-10T06:18:49.432Z [mcp-bridge] INFO: [effect-docs] 2 tools registered
2026-02-10T06:18:49.432Z [mcp-bridge] INFO: [anime-js] 5 tools registered
2026-02-10T06:18:49.433Z [mcp-bridge] INFO: [nia] 12 tools registered
2026-02-10T06:18:49.433Z [mcp-bridge] INFO: [firecrawl] 8 tools registered
2026-02-10T06:18:49.433Z [mcp-bridge] INFO: Total: 38 tools from 7 servers
2026-02-10T06:40:48.351Z [eisenhower] INFO: extension:loaded
2026-02-10T06:40:48.354Z [eisenhower] INFO: extension:loaded
2026-02-10T06:40:51.542Z [eisenhower] INFO: extension:loaded
2026-02-10T06:41:13.365Z [mcp-bridge] INFO: [exa] 7 tools registered
2026-02-10T06:41:13.365Z [mcp-bridge] INFO: [exa] 7 tools registered
2026-02-10T06:41:13.365Z [mcp-bridge] INFO: [exa] 7 tools registered
2026-02-10T06:41:13.365Z [mcp-bridge] INFO: [deepwiki] 2 tools registered
2026-02-10T06:41:13.365Z [mcp-bridge] INFO: [deepwiki] 2 tools registered
2026-02-10T06:41:13.365Z [mcp-bridge] INFO: [deepwiki] 2 tools registered
2026-02-10T06:41:13.365Z [mcp-bridge] INFO: [context7] 2 tools registered
2026-02-10T06:41:13.365Z [mcp-bridge] INFO: [effect-docs] 2 tools registered
2026-02-10T06:41:13.365Z [mcp-bridge] INFO: [context7] 2 tools registered
2026-02-10T06:41:13.365Z [mcp-bridge] INFO: [context7] 2 tools registered
2026-02-10T06:41:13.365Z [mcp-bridge] INFO: [anime-js] 5 tools registered
2026-02-10T06:41:13.365Z [mcp-bridge] INFO: [effect-docs] 2 tools registered
2026-02-10T06:41:13.365Z [mcp-bridge] INFO: [effect-docs] 2 tools registered
2026-02-10T06:41:13.365Z [mcp-bridge] INFO: [anime-js] 5 tools registered
2026-02-10T06:41:13.365Z [mcp-bridge] INFO: [anime-js] 5 tools registered
2026-02-10T06:41:13.365Z [mcp-bridge] INFO: [nia] 12 tools registered
2026-02-10T06:41:13.366Z [mcp-bridge] INFO: [firecrawl] 8 tools registered
2026-02-10T06:41:13.366Z [mcp-bridge] INFO: Total: 38 tools from 7 servers
2026-02-10T06:41:13.366Z [mcp-bridge] INFO: [nia] 12 tools registered
2026-02-10T06:41:13.366Z [mcp-bridge] INFO: [nia] 12 tools registered
2026-02-10T06:41:13.366Z [mcp-bridge] INFO: [firecrawl] 8 tools registered
2026-02-10T06:41:13.366Z [mcp-bridge] INFO: [firecrawl] 8 tools registered
2026-02-10T06:41:13.366Z [mcp-bridge] INFO: Total: 38 tools from 7 servers
2026-02-10T06:41:13.366Z [mcp-bridge] INFO: Total: 38 tools from 7 servers
2026-02-10T07:05:14.394Z [eisenhower] INFO: extension:loaded
2026-02-10T07:05:14.487Z [mcp-bridge] INFO: [exa] 7 tools registered
2026-02-10T07:05:14.487Z [mcp-bridge] INFO: [deepwiki] 2 tools registered
2026-02-10T07:05:14.487Z [mcp-bridge] INFO: [context7] 2 tools registered
2026-02-10T07:05:14.487Z [mcp-bridge] INFO: [effect-docs] 2 tools registered
2026-02-10T07:05:14.488Z [mcp-bridge] INFO: [anime-js] 5 tools registered
2026-02-10T07:05:14.488Z [mcp-bridge] INFO: [nia] 12 tools registered
2026-02-10T07:05:14.488Z [mcp-bridge] INFO: [firecrawl] 8 tools registered
2026-02-10T07:05:14.488Z [mcp-bridge] INFO: Total: 38 tools from 7 servers
2026-02-10T07:05:15.260Z [mcp-bridge] INFO: Refreshing tool cache in background...
2026-02-10T07:05:15.261Z [mcp-bridge] INFO: Running tool discovery for 7 servers...
2026-02-10T07:06:15.893Z [mcp-bridge] INFO: Cache written: 7 servers
2026-02-10T07:06:15.894Z [mcp-bridge] INFO: Cache written: 7 servers
2026-02-10T07:16:26.974Z [eisenhower] INFO: extension:loaded
2026-02-10T07:16:27.056Z [mcp-bridge] INFO: [exa] 7 tools registered
2026-02-10T07:16:27.056Z [mcp-bridge] INFO: [context7] 2 tools registered
2026-02-10T07:16:27.056Z [mcp-bridge] INFO: [anime-js] 5 tools registered
2026-02-10T07:16:27.057Z [mcp-bridge] INFO: [nia] 12 tools registered
2026-02-10T07:16:27.057Z [mcp-bridge] INFO: [firecrawl] 8 tools registered
2026-02-10T07:16:27.057Z [mcp-bridge] INFO: Total: 34 tools from 7 servers
2026-02-10T07:18:12.940Z [eisenhower] INFO: extension:loaded
2026-02-10T07:18:13.026Z [mcp-bridge] INFO: [exa] 7 tools registered
2026-02-10T07:18:13.026Z [mcp-bridge] INFO: [context7] 2 tools registered
2026-02-10T07:18:13.026Z [mcp-bridge] INFO: [anime-js] 5 tools registered
2026-02-10T07:18:13.026Z [mcp-bridge] INFO: [nia] 12 tools registered
2026-02-10T07:18:13.026Z [mcp-bridge] INFO: [firecrawl] 8 tools registered
2026-02-10T07:18:13.026Z [mcp-bridge] INFO: Total: 34 tools from 7 servers
2026-02-10T07:33:31.460Z [eisenhower] INFO: extension:loaded
2026-02-10T07:33:31.551Z [mcp-bridge] INFO: [exa] 7 tools registered
2026-02-10T07:33:31.552Z [mcp-bridge] INFO: [context7] 2 tools registered
2026-02-10T07:33:31.552Z [mcp-bridge] INFO: [anime-js] 5 tools registered
2026-02-10T07:33:31.552Z [mcp-bridge] INFO: [nia] 12 tools registered
2026-02-10T07:33:31.552Z [mcp-bridge] INFO: [firecrawl] 8 tools registered
2026-02-10T07:33:31.553Z [mcp-bridge] INFO: Total: 34 tools from 7 servers
2026-02-10T07:48:35.627Z [eisenhower] INFO: extension:loaded
2026-02-10T07:48:35.708Z [mcp-bridge] INFO: [exa] 7 tools registered
2026-02-10T07:48:35.708Z [mcp-bridge] INFO: [context7] 2 tools registered
2026-02-10T07:48:35.708Z [mcp-bridge] INFO: [anime-js] 5 tools registered
2026-02-10T07:48:35.709Z [mcp-bridge] INFO: [nia] 12 tools registered
2026-02-10T07:48:35.709Z [mcp-bridge] INFO: [firecrawl] 8 tools registered
2026-02-10T07:48:35.709Z [mcp-bridge] INFO: Total: 34 tools from 7 servers
2026-02-10T07:49:00.736Z [eisenhower] INFO: extension:loaded
2026-02-10T07:49:00.828Z [mcp-bridge] INFO: [exa] 7 tools registered
2026-02-10T07:49:00.828Z [mcp-bridge] INFO: [context7] 2 tools registered
2026-02-10T07:49:00.828Z [mcp-bridge] INFO: [anime-js] 5 tools registered
2026-02-10T07:49:00.836Z [mcp-bridge] INFO: [nia] 12 tools registered
2026-02-10T07:49:00.837Z [mcp-bridge] INFO: [firecrawl] 8 tools registered
2026-02-10T07:49:00.837Z [mcp-bridge] INFO: Total: 34 tools from 7 servers
2026-02-10T13:17:03.582Z [eisenhower] INFO: extension:loaded
2026-02-10T13:17:03.900Z [mcp-bridge] INFO: [exa] 7 tools registered
2026-02-10T13:17:03.900Z [mcp-bridge] INFO: [context7] 2 tools registered
2026-02-10T13:17:03.900Z [mcp-bridge] INFO: [anime-js] 5 tools registered
2026-02-10T13:17:03.901Z [mcp-bridge] INFO: [nia] 12 tools registered
2026-02-10T13:17:03.901Z [mcp-bridge] INFO: [firecrawl] 8 tools registered
2026-02-10T13:17:03.901Z [mcp-bridge] INFO: Total: 34 tools from 7 servers
2026-02-10T13:17:25.662Z [mcp-bridge] INFO: Refreshing tool cache in background...
2026-02-10T13:17:25.662Z [mcp-bridge] INFO: Running tool discovery for 7 servers...
2026-02-10T13:18:39.063Z [mcp-bridge] INFO: Cache written: 7 servers
2026-02-10T13:18:39.063Z [mcp-bridge] INFO: Cache written: 7 servers
2026-02-10T13:30:19.463Z [eisenhower] INFO: extension:loaded
2026-02-10T13:31:18.837Z [mcp-bridge] INFO: [exa] 7 tools registered
2026-02-10T13:31:18.837Z [mcp-bridge] INFO: [context7] 2 tools registered
2026-02-10T13:31:18.837Z [mcp-bridge] INFO: [effect-docs] 2 tools registered
2026-02-10T13:31:18.837Z [mcp-bridge] INFO: [nia] 12 tools registered
2026-02-10T13:31:18.838Z [mcp-bridge] INFO: [firecrawl] 8 tools registered
2026-02-10T13:31:18.838Z [mcp-bridge] INFO: Total: 31 tools from 7 servers
2026-02-10T13:34:18.892Z [eisenhower] INFO: extension:loaded
2026-02-10T13:34:18.978Z [mcp-bridge] INFO: [exa] 7 tools registered
2026-02-10T13:34:18.978Z [mcp-bridge] INFO: [context7] 2 tools registered
2026-02-10T13:34:18.978Z [mcp-bridge] INFO: [effect-docs] 2 tools registered
2026-02-10T13:34:18.978Z [mcp-bridge] INFO: [nia] 12 tools registered
2026-02-10T13:34:18.978Z [mcp-bridge] INFO: [firecrawl] 8 tools registered
2026-02-10T13:34:18.979Z [mcp-bridge] INFO: Total: 31 tools from 7 servers
2026-02-10T14:06:03.305Z [eisenhower] INFO: extension:loaded
2026-02-10T14:06:03.398Z [mcp-bridge] INFO: [exa] 7 tools registered
2026-02-10T14:06:03.398Z [mcp-bridge] INFO: [context7] 2 tools registered
2026-02-10T14:06:03.399Z [mcp-bridge] INFO: [effect-docs] 2 tools registered
2026-02-10T14:06:03.399Z [mcp-bridge] INFO: [nia] 12 tools registered
2026-02-10T14:06:03.399Z [mcp-bridge] INFO: [firecrawl] 8 tools registered
2026-02-10T14:06:03.399Z [mcp-bridge] INFO: Total: 31 tools from 7 servers
2026-02-10T14:08:35.748Z [eisenhower] INFO: extension:loaded
2026-02-10T14:08:37.598Z [mcp-bridge] INFO: [exa] 7 tools registered
2026-02-10T14:08:37.598Z [mcp-bridge] INFO: [context7] 2 tools registered
2026-02-10T14:08:37.599Z [mcp-bridge] INFO: [effect-docs] 2 tools registered
2026-02-10T14:08:37.599Z [mcp-bridge] INFO: [nia] 12 tools registered
2026-02-10T14:08:37.599Z [mcp-bridge] INFO: [firecrawl] 8 tools registered
2026-02-10T14:08:37.599Z [mcp-bridge] INFO: Total: 31 tools from 7 servers
2026-02-10T14:29:22.947Z [eisenhower] INFO: extension:loaded
2026-02-10T14:29:24.963Z [mcp-bridge] INFO: [exa] 7 tools registered
2026-02-10T14:29:24.964Z [mcp-bridge] INFO: [context7] 2 tools registered
2026-02-10T14:29:24.964Z [mcp-bridge] INFO: [effect-docs] 2 tools registered
2026-02-10T14:29:24.965Z [mcp-bridge] INFO: [nia] 12 tools registered
2026-02-10T14:29:24.965Z [mcp-bridge] INFO: [firecrawl] 8 tools registered
2026-02-10T14:29:24.965Z [mcp-bridge] INFO: Total: 31 tools from 7 servers
2026-02-10T14:29:25.838Z [mcp-bridge] INFO: Refreshing tool cache in background...
2026-02-10T14:29:25.838Z [mcp-bridge] INFO: Running tool discovery for 7 servers...
2026-02-10T14:29:52.653Z [mcp-bridge] INFO: Cache written: 7 servers
2026-02-10T14:29:52.654Z [mcp-bridge] INFO: Cache written: 7 servers
2026-02-10T14:38:19.199Z [eisenhower] INFO: extension:loaded
2026-02-10T14:39:26.884Z [mcp-bridge] INFO: [exa] 7 tools registered
2026-02-10T14:39:26.884Z [mcp-bridge] INFO: [deepwiki] 2 tools registered
2026-02-10T14:39:26.884Z [mcp-bridge] INFO: [context7] 2 tools registered
2026-02-10T14:39:26.884Z [mcp-bridge] INFO: [effect-docs] 2 tools registered
2026-02-10T14:39:26.884Z [mcp-bridge] INFO: [anime-js] 5 tools registered
2026-02-10T14:39:26.884Z [mcp-bridge] INFO: [nia] 12 tools registered
2026-02-10T14:39:26.884Z [mcp-bridge] INFO: [firecrawl] 8 tools registered
2026-02-10T14:39:26.885Z [mcp-bridge] INFO: Total: 38 tools from 7 servers
2026-02-10T14:42:39.831Z [eisenhower] INFO: extension:loaded
2026-02-10T14:42:40.066Z [mcp-bridge] INFO: [exa] 7 tools registered
2026-02-10T14:42:40.066Z [mcp-bridge] INFO: [deepwiki] 2 tools registered
2026-02-10T14:42:40.066Z [mcp-bridge] INFO: [context7] 2 tools registered
2026-02-10T14:42:40.066Z [mcp-bridge] INFO: [effect-docs] 2 tools registered
2026-02-10T14:42:40.066Z [mcp-bridge] INFO: [anime-js] 5 tools registered
2026-02-10T14:42:40.067Z [mcp-bridge] INFO: [nia] 12 tools registered
2026-02-10T14:42:40.067Z [mcp-bridge] INFO: [firecrawl] 8 tools registered
2026-02-10T14:42:40.067Z [mcp-bridge] INFO: Total: 38 tools from 7 servers
2026-02-10T14:44:05.845Z [eisenhower] INFO: extension:loaded
2026-02-10T14:44:06.086Z [mcp-bridge] INFO: [exa] 7 tools registered
2026-02-10T14:44:06.087Z [mcp-bridge] INFO: [deepwiki] 2 tools registered
2026-02-10T14:44:06.087Z [mcp-bridge] INFO: [context7] 2 tools registered
2026-02-10T14:44:06.087Z [mcp-bridge] INFO: [effect-docs] 2 tools registered
2026-02-10T14:44:06.087Z [mcp-bridge] INFO: [anime-js] 5 tools registered
2026-02-10T14:44:06.087Z [mcp-bridge] INFO: [nia] 12 tools registered
2026-02-10T14:44:06.087Z [mcp-bridge] INFO: [firecrawl] 8 tools registered
2026-02-10T14:44:06.087Z [mcp-bridge] INFO: Total: 38 tools from 7 servers
2026-02-10T14:57:29.617Z [eisenhower] INFO: extension:loaded
2026-02-10T14:57:29.625Z [mcp-bridge] INFO: [exa] 7 tools registered
2026-02-10T14:57:29.626Z [mcp-bridge] INFO: [deepwiki] 2 tools registered
2026-02-10T14:57:29.626Z [mcp-bridge] INFO: [context7] 2 tools registered
2026-02-10T14:57:29.626Z [mcp-bridge] INFO: [effect-docs] 2 tools registered
2026-02-10T14:57:29.626Z [mcp-bridge] INFO: [anime-js] 5 tools registered
2026-02-10T14:57:29.627Z [mcp-bridge] INFO: [nia] 12 tools registered
2026-02-10T14:57:29.627Z [mcp-bridge] INFO: [firecrawl] 8 tools registered
2026-02-10T14:57:29.627Z [mcp-bridge] INFO: Total: 38 tools from 7 servers
2026-02-10T15:16:39.523Z [eisenhower] INFO: extension:loaded
2026-02-10T15:16:39.535Z [mcp-bridge] INFO: [exa] 7 tools registered
2026-02-10T15:16:39.535Z [mcp-bridge] INFO: [deepwiki] 2 tools registered
2026-02-10T15:16:39.535Z [mcp-bridge] INFO: [context7] 2 tools registered
2026-02-10T15:16:39.535Z [mcp-bridge] INFO: [effect-docs] 2 tools registered
2026-02-10T15:16:39.535Z [mcp-bridge] INFO: [anime-js] 5 tools registered
2026-02-10T15:16:39.536Z [mcp-bridge] INFO: [nia] 12 tools registered
2026-02-10T15:16:39.536Z [mcp-bridge] INFO: [firecrawl] 8 tools registered
2026-02-10T15:16:39.536Z [mcp-bridge] INFO: Total: 38 tools from 7 servers
2026-02-10T16:18:04.165Z [eisenhower] INFO: extension:loaded
2026-02-10T16:18:04.165Z [eisenhower] INFO: extension:loaded
2026-02-10T16:18:04.166Z [eisenhower] INFO: extension:loaded
2026-02-10T16:18:04.302Z [mcp-bridge] INFO: [exa] 7 tools registered
2026-02-10T16:18:04.302Z [mcp-bridge] INFO: [exa] 7 tools registered
2026-02-10T16:18:04.302Z [mcp-bridge] INFO: [deepwiki] 2 tools registered
2026-02-10T16:18:04.302Z [mcp-bridge] INFO: [deepwiki] 2 tools registered
2026-02-10T16:18:04.302Z [mcp-bridge] INFO: [context7] 2 tools registered
2026-02-10T16:18:04.302Z [mcp-bridge] INFO: [context7] 2 tools registered
2026-02-10T16:18:04.302Z [mcp-bridge] INFO: [effect-docs] 2 tools registered
2026-02-10T16:18:04.302Z [mcp-bridge] INFO: [effect-docs] 2 tools registered
2026-02-10T16:18:04.302Z [mcp-bridge] INFO: [anime-js] 5 tools registered
2026-02-10T16:18:04.302Z [mcp-bridge] INFO: [anime-js] 5 tools registered
2026-02-10T16:18:04.303Z [mcp-bridge] INFO: [nia] 12 tools registered
2026-02-10T16:18:04.303Z [mcp-bridge] INFO: [nia] 12 tools registered
2026-02-10T16:18:04.303Z [mcp-bridge] INFO: [firecrawl] 8 tools registered
2026-02-10T16:18:04.303Z [mcp-bridge] INFO: Total: 38 tools from 7 servers
2026-02-10T16:18:04.303Z [mcp-bridge] INFO: [firecrawl] 8 tools registered
2026-02-10T16:18:04.303Z [mcp-bridge] INFO: Total: 38 tools from 7 servers
2026-02-10T16:18:04.308Z [mcp-bridge] INFO: [exa] 7 tools registered
2026-02-10T16:18:04.308Z [mcp-bridge] INFO: [deepwiki] 2 tools registered
2026-02-10T16:18:04.308Z [mcp-bridge] INFO: [context7] 2 tools registered
2026-02-10T16:18:04.308Z [mcp-bridge] INFO: [effect-docs] 2 tools registered
2026-02-10T16:18:04.308Z [mcp-bridge] INFO: [anime-js] 5 tools registered
2026-02-10T16:18:04.309Z [mcp-bridge] INFO: [nia] 12 tools registered
2026-02-10T16:18:04.309Z [mcp-bridge] INFO: [firecrawl] 8 tools registered
2026-02-10T16:18:04.309Z [mcp-bridge] INFO: Total: 38 tools from 7 servers
2026-02-10T16:18:32.472Z [mcp-bridge] INFO: Refreshing tool cache in background...
2026-02-10T16:18:32.472Z [mcp-bridge] INFO: Refreshing tool cache in background...
2026-02-10T16:18:32.472Z [mcp-bridge] INFO: Running tool discovery for 7 servers...
2026-02-10T16:18:32.472Z [mcp-bridge] INFO: Running tool discovery for 7 servers...
2026-02-10T16:18:32.475Z [mcp-bridge] INFO: Refreshing tool cache in background...
2026-02-10T16:18:32.476Z [mcp-bridge] INFO: Running tool discovery for 7 servers...
2026-02-10T16:18:49.652Z [mcp-bridge] INFO: Cache written: 7 servers
2026-02-10T16:18:49.652Z [mcp-bridge] INFO: Cache written: 7 servers
2026-02-10T16:18:49.653Z [mcp-bridge] INFO: Cache written: 7 servers
2026-02-10T16:18:49.653Z [mcp-bridge] INFO: Cache written: 7 servers
2026-02-10T16:18:50.028Z [mcp-bridge] INFO: Cache written: 7 servers
2026-02-10T16:18:50.028Z [mcp-bridge] INFO: Cache written: 7 servers
2026-02-10T16:23:18.365Z [eisenhower] INFO: extension:loaded
2026-02-10T16:23:18.599Z [mcp-bridge] INFO: [exa] 7 tools registered
2026-02-10T16:23:18.599Z [mcp-bridge] INFO: [deepwiki] 2 tools registered
2026-02-10T16:23:18.599Z [mcp-bridge] INFO: [context7] 2 tools registered
2026-02-10T16:23:18.599Z [mcp-bridge] INFO: [effect-docs] 2 tools registered
2026-02-10T16:23:18.600Z [mcp-bridge] INFO: [nia] 12 tools registered
2026-02-10T16:23:18.600Z [mcp-bridge] INFO: [firecrawl] 8 tools registered
2026-02-10T16:23:18.600Z [mcp-bridge] INFO: Total: 33 tools from 7 servers
2026-02-10T16:39:07.731Z [eisenhower] INFO: extension:loaded
2026-02-10T16:39:07.959Z [mcp-bridge] INFO: [exa] 7 tools registered
2026-02-10T16:39:07.960Z [mcp-bridge] INFO: [deepwiki] 2 tools registered
2026-02-10T16:39:07.960Z [mcp-bridge] INFO: [context7] 2 tools registered
2026-02-10T16:39:07.960Z [mcp-bridge] INFO: [effect-docs] 2 tools registered
2026-02-10T16:39:07.960Z [mcp-bridge] INFO: [nia] 12 tools registered
2026-02-10T16:39:07.960Z [mcp-bridge] INFO: [firecrawl] 8 tools registered
2026-02-10T16:39:07.960Z [mcp-bridge] INFO: Total: 33 tools from 7 servers
2026-02-10T20:49:18.071Z [eisenhower] INFO: extension:loaded
2026-02-10T20:49:18.332Z [mcp-bridge] INFO: [exa] 7 tools registered
2026-02-10T20:49:18.332Z [mcp-bridge] INFO: [deepwiki] 2 tools registered
2026-02-10T20:49:18.332Z [mcp-bridge] INFO: [context7] 2 tools registered
2026-02-10T20:49:18.333Z [mcp-bridge] INFO: [effect-docs] 2 tools registered
2026-02-10T20:49:18.333Z [mcp-bridge] INFO: [nia] 12 tools registered
2026-02-10T20:49:18.333Z [mcp-bridge] INFO: [firecrawl] 8 tools registered
2026-02-10T20:49:18.333Z [mcp-bridge] INFO: Total: 33 tools from 7 servers
2026-02-10T20:49:19.005Z [mcp-bridge] INFO: Refreshing tool cache in background...
2026-02-10T20:49:19.005Z [mcp-bridge] INFO: Running tool discovery for 7 servers...
2026-02-10T20:49:40.225Z [mcp-bridge] INFO: Cache written: 7 servers
2026-02-10T20:49:40.225Z [mcp-bridge] INFO: Cache written: 7 servers
2026-02-11T00:16:49.800Z [eisenhower] INFO: extension:loaded
2026-02-11T00:16:49.800Z [eisenhower] INFO: extension:loaded
2026-02-11T00:16:49.925Z [mcp-bridge] INFO: [effect-docs] 2 tools registered
2026-02-11T00:16:49.925Z [mcp-bridge] INFO: [effect-docs] 2 tools registered
2026-02-11T00:16:49.925Z [mcp-bridge] INFO: [anime-js] 5 tools registered
2026-02-11T00:16:49.925Z [mcp-bridge] INFO: [anime-js] 5 tools registered
2026-02-11T00:16:49.925Z [mcp-bridge] INFO: [firecrawl] 8 tools registered
2026-02-11T00:16:49.925Z [mcp-bridge] INFO: Total: 15 tools from 7 servers
2026-02-11T00:16:49.925Z [mcp-bridge] INFO: [firecrawl] 8 tools registered
2026-02-11T00:16:49.926Z [mcp-bridge] INFO: Total: 15 tools from 7 servers
2026-02-11T00:17:13.956Z [mcp-bridge] INFO: Refreshing tool cache in background...
2026-02-11T00:17:13.957Z [mcp-bridge] INFO: Running tool discovery for 7 servers...
2026-02-11T00:17:13.965Z [mcp-bridge] INFO: Refreshing tool cache in background...
2026-02-11T00:17:13.965Z [mcp-bridge] INFO: Running tool discovery for 7 servers...
2026-02-11T00:17:21.448Z [mcp-bridge] INFO: Cache written: 7 servers
2026-02-11T00:17:21.449Z [mcp-bridge] INFO: Cache written: 7 servers
2026-02-11T00:17:21.449Z [mcp-bridge] INFO: Cache written: 7 servers
2026-02-11T00:17:21.449Z [mcp-bridge] INFO: Cache written: 7 servers
2026-02-11T00:23:45.928Z [eisenhower] INFO: extension:loaded
2026-02-11T00:23:46.163Z [mcp-bridge] INFO: [exa] 7 tools registered
2026-02-11T00:23:46.164Z [mcp-bridge] INFO: [deepwiki] 2 tools registered
2026-02-11T00:23:46.164Z [mcp-bridge] INFO: [context7] 2 tools registered
2026-02-11T00:23:46.164Z [mcp-bridge] INFO: [nia] 12 tools registered
2026-02-11T00:23:46.164Z [mcp-bridge] INFO: Total: 23 tools from 7 servers
2026-02-11T00:26:54.358Z [eisenhower] INFO: extension:loaded
2026-02-11T00:26:54.437Z [mcp-bridge] INFO: [exa] 7 tools registered
2026-02-11T00:26:54.438Z [mcp-bridge] INFO: [deepwiki] 2 tools registered
2026-02-11T00:26:54.438Z [mcp-bridge] INFO: [context7] 2 tools registered
2026-02-11T00:26:54.438Z [mcp-bridge] INFO: [nia] 12 tools registered
2026-02-11T00:26:54.438Z [mcp-bridge] INFO: Total: 23 tools from 7 servers
2026-02-11T00:27:59.522Z [eisenhower] INFO: extension:loaded
2026-02-11T00:27:59.613Z [mcp-bridge] INFO: [exa] 7 tools registered
2026-02-11T00:27:59.613Z [mcp-bridge] INFO: [deepwiki] 2 tools registered
2026-02-11T00:27:59.613Z [mcp-bridge] INFO: [context7] 2 tools registered
2026-02-11T00:27:59.614Z [mcp-bridge] INFO: [nia] 12 tools registered
2026-02-11T00:27:59.614Z [mcp-bridge] INFO: Total: 23 tools from 7 servers
2026-02-11T00:28:13.801Z [eisenhower] INFO: extension:loaded
2026-02-11T00:28:13.808Z [mcp-bridge] INFO: [exa] 7 tools registered
2026-02-11T00:28:13.808Z [mcp-bridge] INFO: [deepwiki] 2 tools registered
2026-02-11T00:28:13.809Z [mcp-bridge] INFO: [context7] 2 tools registered
2026-02-11T00:28:13.809Z [mcp-bridge] INFO: [nia] 12 tools registered
2026-02-11T00:28:13.809Z [mcp-bridge] INFO: Total: 23 tools from 7 servers
2026-02-11T00:31:34.689Z [eisenhower] INFO: extension:loaded
2026-02-11T00:31:34.776Z [mcp-bridge] INFO: [exa] 7 tools registered
2026-02-11T00:31:34.776Z [mcp-bridge] INFO: [deepwiki] 2 tools registered
2026-02-11T00:31:34.776Z [mcp-bridge] INFO: [context7] 2 tools registered
2026-02-11T00:31:34.776Z [mcp-bridge] INFO: [nia] 12 tools registered
2026-02-11T00:31:34.776Z [mcp-bridge] INFO: Total: 23 tools from 7 servers
2026-02-11T00:54:56.254Z [eisenhower] INFO: extension:loaded
2026-02-11T00:54:56.481Z [mcp-bridge] INFO: [exa] 7 tools registered
2026-02-11T00:54:56.481Z [mcp-bridge] INFO: [deepwiki] 2 tools registered
2026-02-11T00:54:56.481Z [mcp-bridge] INFO: [context7] 2 tools registered
2026-02-11T00:54:56.482Z [mcp-bridge] INFO: [nia] 12 tools registered
2026-02-11T00:54:56.482Z [mcp-bridge] INFO: Total: 23 tools from 7 servers
2026-02-11T01:05:43.175Z [eisenhower] INFO: extension:loaded
2026-02-11T01:05:43.187Z [mcp-bridge] INFO: [exa] 7 tools registered
2026-02-11T01:05:43.187Z [mcp-bridge] INFO: [deepwiki] 2 tools registered
2026-02-11T01:05:43.187Z [mcp-bridge] INFO: [context7] 2 tools registered
2026-02-11T01:05:43.187Z [mcp-bridge] INFO: [nia] 12 tools registered
2026-02-11T01:05:43.187Z [mcp-bridge] INFO: Total: 23 tools from 7 servers
2026-02-11T01:30:40.336Z [eisenhower] INFO: extension:loaded
2026-02-11T01:30:40.341Z [mcp-bridge] INFO: [exa] 7 tools registered
2026-02-11T01:30:40.342Z [mcp-bridge] INFO: [deepwiki] 2 tools registered
2026-02-11T01:30:40.342Z [mcp-bridge] INFO: [context7] 2 tools registered
2026-02-11T01:30:40.342Z [mcp-bridge] INFO: [nia] 12 tools registered
2026-02-11T01:30:40.342Z [mcp-bridge] INFO: Total: 23 tools from 7 servers
2026-02-11T01:30:40.372Z [mcp-bridge] INFO: Refreshing tool cache in background...
2026-02-11T01:30:40.373Z [mcp-bridge] INFO: Running tool discovery for 7 servers...
2026-02-11T01:30:46.258Z [mcp-bridge] INFO: Cache written: 7 servers
2026-02-11T01:30:46.258Z [mcp-bridge] INFO: Cache written: 7 servers
2026-02-11T01:30:58.608Z [eisenhower] INFO: extension:loaded
2026-02-11T01:30:58.697Z [mcp-bridge] INFO: [exa] 7 tools registered
2026-02-11T01:30:58.697Z [mcp-bridge] INFO: [deepwiki] 2 tools registered
2026-02-11T01:30:58.697Z [mcp-bridge] INFO: [context7] 2 tools registered
2026-02-11T01:30:58.697Z [mcp-bridge] INFO: [effect-docs] 2 tools registered
2026-02-11T01:30:58.697Z [mcp-bridge] INFO: [anime-js] 5 tools registered
2026-02-11T01:30:58.698Z [mcp-bridge] INFO: [nia] 12 tools registered
2026-02-11T01:30:58.698Z [mcp-bridge] INFO: [firecrawl] 8 tools registered
2026-02-11T01:30:58.698Z [mcp-bridge] INFO: Total: 38 tools from 7 servers
2026-02-11T01:37:37.585Z [eisenhower] INFO: extension:loaded
2026-02-11T01:37:37.595Z [eisenhower] INFO: extension:loaded
2026-02-11T01:37:37.624Z [eisenhower] INFO: extension:loaded
2026-02-11T01:37:37.626Z [eisenhower] INFO: extension:loaded
2026-02-11T01:37:37.682Z [mcp-bridge] INFO: [exa] 7 tools registered
2026-02-11T01:37:37.682Z [mcp-bridge] INFO: [deepwiki] 2 tools registered
2026-02-11T01:37:37.682Z [mcp-bridge] INFO: [context7] 2 tools registered
2026-02-11T01:37:37.682Z [mcp-bridge] INFO: [effect-docs] 2 tools registered
2026-02-11T01:37:37.683Z [mcp-bridge] INFO: [anime-js] 5 tools registered
2026-02-11T01:37:37.683Z [mcp-bridge] INFO: [nia] 12 tools registered
2026-02-11T01:37:37.683Z [mcp-bridge] INFO: [firecrawl] 8 tools registered
2026-02-11T01:37:37.683Z [mcp-bridge] INFO: Total: 38 tools from 7 servers
2026-02-11T01:37:37.693Z [mcp-bridge] INFO: [exa] 7 tools registered
2026-02-11T01:37:37.694Z [mcp-bridge] INFO: [deepwiki] 2 tools registered
2026-02-11T01:37:37.694Z [mcp-bridge] INFO: [context7] 2 tools registered
2026-02-11T01:37:37.694Z [mcp-bridge] INFO: [effect-docs] 2 tools registered
2026-02-11T01:37:37.694Z [mcp-bridge] INFO: [anime-js] 5 tools registered
2026-02-11T01:37:37.695Z [mcp-bridge] INFO: [nia] 12 tools registered
2026-02-11T01:37:37.695Z [mcp-bridge] INFO: [firecrawl] 8 tools registered
2026-02-11T01:37:37.695Z [mcp-bridge] INFO: Total: 38 tools from 7 servers
2026-02-11T01:37:37.732Z [mcp-bridge] INFO: [exa] 7 tools registered
2026-02-11T01:37:37.732Z [mcp-bridge] INFO: [deepwiki] 2 tools registered
2026-02-11T01:37:37.732Z [mcp-bridge] INFO: [context7] 2 tools registered
2026-02-11T01:37:37.732Z [mcp-bridge] INFO: [effect-docs] 2 tools registered
2026-02-11T01:37:37.732Z [mcp-bridge] INFO: [anime-js] 5 tools registered
2026-02-11T01:37:37.733Z [mcp-bridge] INFO: [nia] 12 tools registered
2026-02-11T01:37:37.733Z [mcp-bridge] INFO: [firecrawl] 8 tools registered
2026-02-11T01:37:37.733Z [mcp-bridge] INFO: Total: 38 tools from 7 servers
2026-02-11T01:37:37.739Z [mcp-bridge] INFO: [exa] 7 tools registered
2026-02-11T01:37:37.739Z [mcp-bridge] INFO: [deepwiki] 2 tools registered
2026-02-11T01:37:37.739Z [mcp-bridge] INFO: [context7] 2 tools registered
2026-02-11T01:37:37.739Z [mcp-bridge] INFO: [effect-docs] 2 tools registered
2026-02-11T01:37:37.739Z [mcp-bridge] INFO: [anime-js] 5 tools registered
2026-02-11T01:37:37.740Z [mcp-bridge] INFO: [nia] 12 tools registered
2026-02-11T01:37:37.740Z [mcp-bridge] INFO: [firecrawl] 8 tools registered
2026-02-11T01:37:37.740Z [mcp-bridge] INFO: Total: 38 tools from 7 servers
2026-02-11T01:43:27.396Z [eisenhower] INFO: extension:loaded
2026-02-11T01:43:27.483Z [mcp-bridge] INFO: [exa] 7 tools registered
2026-02-11T01:43:27.483Z [mcp-bridge] INFO: [deepwiki] 2 tools registered
2026-02-11T01:43:27.483Z [mcp-bridge] INFO: [context7] 2 tools registered
2026-02-11T01:43:27.483Z [mcp-bridge] INFO: [effect-docs] 2 tools registered
2026-02-11T01:43:27.483Z [mcp-bridge] INFO: [anime-js] 5 tools registered
2026-02-11T01:43:27.484Z [mcp-bridge] INFO: [nia] 12 tools registered
2026-02-11T01:43:27.484Z [mcp-bridge] INFO: [firecrawl] 8 tools registered
2026-02-11T01:43:27.484Z [mcp-bridge] INFO: Total: 38 tools from 7 servers
2026-02-11T01:44:07.450Z [eisenhower] INFO: extension:loaded
2026-02-11T01:44:07.543Z [mcp-bridge] INFO: [exa] 7 tools registered
2026-02-11T01:44:07.543Z [mcp-bridge] INFO: [deepwiki] 2 tools registered
2026-02-11T01:44:07.543Z [mcp-bridge] INFO: [context7] 2 tools registered
2026-02-11T01:44:07.543Z [mcp-bridge] INFO: [effect-docs] 2 tools registered
2026-02-11T01:44:07.543Z [mcp-bridge] INFO: [anime-js] 5 tools registered
2026-02-11T01:44:07.544Z [mcp-bridge] INFO: [nia] 12 tools registered
2026-02-11T01:44:07.544Z [mcp-bridge] INFO: [firecrawl] 8 tools registered
2026-02-11T01:44:07.544Z [mcp-bridge] INFO: Total: 38 tools from 7 servers
2026-02-11T01:54:46.403Z [eisenhower] INFO: extension:loaded
2026-02-11T01:54:46.498Z [mcp-bridge] INFO: [exa] 7 tools registered
2026-02-11T01:54:46.499Z [mcp-bridge] INFO: [deepwiki] 2 tools registered
2026-02-11T01:54:46.499Z [mcp-bridge] INFO: [context7] 2 tools registered
2026-02-11T01:54:46.499Z [mcp-bridge] INFO: [effect-docs] 2 tools registered
2026-02-11T01:54:46.499Z [mcp-bridge] INFO: [anime-js] 5 tools registered
2026-02-11T01:54:46.499Z [mcp-bridge] INFO: [nia] 12 tools registered
2026-02-11T01:54:46.500Z [mcp-bridge] INFO: [firecrawl] 8 tools registered
2026-02-11T01:54:46.500Z [mcp-bridge] INFO: Total: 38 tools from 7 servers
2026-02-11T02:05:22.781Z [eisenhower] INFO: extension:loaded
2026-02-11T02:05:22.867Z [mcp-bridge] INFO: [exa] 7 tools registered
2026-02-11T02:05:22.867Z [mcp-bridge] INFO: [deepwiki] 2 tools registered
2026-02-11T02:05:22.868Z [mcp-bridge] INFO: [context7] 2 tools registered
2026-02-11T02:05:22.868Z [mcp-bridge] INFO: [effect-docs] 2 tools registered
2026-02-11T02:05:22.868Z [mcp-bridge] INFO: [anime-js] 5 tools registered
2026-02-11T02:05:22.868Z [mcp-bridge] INFO: [nia] 12 tools registered
2026-02-11T02:05:22.868Z [mcp-bridge] INFO: [firecrawl] 8 tools registered
2026-02-11T02:05:22.868Z [mcp-bridge] INFO: Total: 38 tools from 7 servers
2026-02-11T02:56:53.021Z [eisenhower] INFO: extension:loaded
2026-02-11T02:56:53.295Z [mcp-bridge] INFO: [exa] 7 tools registered
2026-02-11T02:56:53.296Z [mcp-bridge] INFO: [deepwiki] 2 tools registered
2026-02-11T02:56:53.296Z [mcp-bridge] INFO: [context7] 2 tools registered
2026-02-11T02:56:53.296Z [mcp-bridge] INFO: [effect-docs] 2 tools registered
2026-02-11T02:56:53.296Z [mcp-bridge] INFO: [anime-js] 5 tools registered
2026-02-11T02:56:53.296Z [mcp-bridge] INFO: [nia] 12 tools registered
2026-02-11T02:56:53.297Z [mcp-bridge] INFO: [firecrawl] 8 tools registered
2026-02-11T02:56:53.297Z [mcp-bridge] INFO: Total: 38 tools from 7 servers
2026-02-11T02:56:53.545Z [mcp-bridge] INFO: Refreshing tool cache in background...
2026-02-11T02:56:53.545Z [mcp-bridge] INFO: Running tool discovery for 7 servers...
2026-02-11T02:57:04.582Z [mcp-bridge] INFO: Cache written: 7 servers
2026-02-11T02:57:04.583Z [mcp-bridge] INFO: Cache written: 7 servers
2026-02-11T03:00:53.927Z [eisenhower] INFO: extension:loaded
2026-02-11T03:00:54.017Z [mcp-bridge] INFO: [exa] 7 tools registered
2026-02-11T03:00:54.017Z [mcp-bridge] INFO: [deepwiki] 2 tools registered
2026-02-11T03:00:54.017Z [mcp-bridge] INFO: [context7] 2 tools registered
2026-02-11T03:00:54.017Z [mcp-bridge] INFO: [effect-docs] 2 tools registered
2026-02-11T03:00:54.017Z [mcp-bridge] INFO: [anime-js] 5 tools registered
2026-02-11T03:00:54.017Z [mcp-bridge] INFO: [nia] 12 tools registered
2026-02-11T03:00:54.018Z [mcp-bridge] INFO: [firecrawl] 8 tools registered
2026-02-11T03:00:54.018Z [mcp-bridge] INFO: Total: 38 tools from 7 servers
2026-02-11T03:35:44.580Z [eisenhower] INFO: extension:loaded
2026-02-11T03:35:44.816Z [mcp-bridge] INFO: [exa] 7 tools registered
2026-02-11T03:35:44.817Z [mcp-bridge] INFO: [deepwiki] 2 tools registered
2026-02-11T03:35:44.817Z [mcp-bridge] INFO: [context7] 2 tools registered
2026-02-11T03:35:44.817Z [mcp-bridge] INFO: [effect-docs] 2 tools registered
2026-02-11T03:35:44.817Z [mcp-bridge] INFO: [anime-js] 5 tools registered
2026-02-11T03:35:44.817Z [mcp-bridge] INFO: [nia] 12 tools registered
2026-02-11T03:35:44.817Z [mcp-bridge] INFO: [firecrawl] 8 tools registered
2026-02-11T03:35:44.817Z [mcp-bridge] INFO: Total: 38 tools from 7 servers
2026-02-11T03:44:01.225Z [eisenhower] INFO: extension:loaded
2026-02-11T03:44:01.314Z [mcp-bridge] INFO: [exa] 7 tools registered
2026-02-11T03:44:01.314Z [mcp-bridge] INFO: [deepwiki] 2 tools registered
2026-02-11T03:44:01.314Z [mcp-bridge] INFO: [context7] 2 tools registered
2026-02-11T03:44:01.314Z [mcp-bridge] INFO: [effect-docs] 2 tools registered
2026-02-11T03:44:01.315Z [mcp-bridge] INFO: [anime-js] 5 tools registered
2026-02-11T03:44:01.315Z [mcp-bridge] INFO: [nia] 12 tools registered
2026-02-11T03:44:01.315Z [mcp-bridge] INFO: [firecrawl] 8 tools registered
2026-02-11T03:44:01.315Z [mcp-bridge] INFO: Total: 38 tools from 7 servers
2026-02-11T03:45:12.735Z [eisenhower] INFO: extension:loaded
2026-02-11T03:45:12.824Z [mcp-bridge] INFO: [exa] 7 tools registered
2026-02-11T03:45:12.825Z [mcp-bridge] INFO: [deepwiki] 2 tools registered
2026-02-11T03:45:12.825Z [mcp-bridge] INFO: [context7] 2 tools registered
2026-02-11T03:45:12.825Z [mcp-bridge] INFO: [effect-docs] 2 tools registered
2026-02-11T03:45:12.825Z [mcp-bridge] INFO: [anime-js] 5 tools registered
2026-02-11T03:45:12.825Z [mcp-bridge] INFO: [nia] 12 tools registered
2026-02-11T03:45:12.826Z [mcp-bridge] INFO: [firecrawl] 8 tools registered
2026-02-11T03:45:12.826Z [mcp-bridge] INFO: Total: 38 tools from 7 servers
2026-02-11T04:27:18.386Z [eisenhower] INFO: extension:loaded
2026-02-11T04:27:18.473Z [mcp-bridge] INFO: [exa] 7 tools registered
2026-02-11T04:27:18.473Z [mcp-bridge] INFO: [deepwiki] 2 tools registered
2026-02-11T04:27:18.473Z [mcp-bridge] INFO: [context7] 2 tools registered
2026-02-11T04:27:18.473Z [mcp-bridge] INFO: [effect-docs] 2 tools registered
2026-02-11T04:27:18.473Z [mcp-bridge] INFO: [anime-js] 5 tools registered
2026-02-11T04:27:18.474Z [mcp-bridge] INFO: [nia] 12 tools registered
2026-02-11T04:27:18.474Z [mcp-bridge] INFO: [firecrawl] 8 tools registered
2026-02-11T04:27:18.474Z [mcp-bridge] INFO: Total: 38 tools from 7 servers
2026-02-11T04:27:19.177Z [mcp-bridge] INFO: Refreshing tool cache in background...
2026-02-11T04:27:19.177Z [mcp-bridge] INFO: Running tool discovery for 7 servers...
2026-02-11T04:27:25.853Z [mcp-bridge] INFO: Cache written: 7 servers
2026-02-11T04:27:25.855Z [mcp-bridge] INFO: Cache written: 7 servers
2026-02-11T04:41:31.235Z [eisenhower] INFO: extension:loaded
2026-02-11T04:41:31.325Z [mcp-bridge] INFO: [exa] 7 tools registered
2026-02-11T04:41:31.325Z [mcp-bridge] INFO: [deepwiki] 2 tools registered
2026-02-11T04:41:31.325Z [mcp-bridge] INFO: [context7] 2 tools registered
2026-02-11T04:41:31.326Z [mcp-bridge] INFO: [effect-docs] 2 tools registered
2026-02-11T04:41:31.326Z [mcp-bridge] INFO: [anime-js] 5 tools registered
2026-02-11T04:41:31.326Z [mcp-bridge] INFO: [nia] 12 tools registered
2026-02-11T04:41:31.326Z [mcp-bridge] INFO: [firecrawl] 8 tools registered
2026-02-11T04:41:31.326Z [mcp-bridge] INFO: Total: 38 tools from 7 servers
2026-02-11T04:42:56.462Z [eisenhower] INFO: extension:loaded
2026-02-11T04:42:56.529Z [eisenhower] INFO: extension:loaded
2026-02-11T04:42:56.566Z [mcp-bridge] INFO: [exa] 7 tools registered
2026-02-11T04:42:56.566Z [mcp-bridge] INFO: [deepwiki] 2 tools registered
2026-02-11T04:42:56.566Z [mcp-bridge] INFO: [context7] 2 tools registered
2026-02-11T04:42:56.566Z [mcp-bridge] INFO: [effect-docs] 2 tools registered
2026-02-11T04:42:56.566Z [mcp-bridge] INFO: [anime-js] 5 tools registered
2026-02-11T04:42:56.567Z [mcp-bridge] INFO: [nia] 12 tools registered
2026-02-11T04:42:56.567Z [mcp-bridge] INFO: [firecrawl] 8 tools registered
2026-02-11T04:42:56.567Z [mcp-bridge] INFO: Total: 38 tools from 7 servers
2026-02-11T04:42:56.626Z [mcp-bridge] INFO: [exa] 7 tools registered
2026-02-11T04:42:56.626Z [mcp-bridge] INFO: [deepwiki] 2 tools registered
2026-02-11T04:42:56.626Z [mcp-bridge] INFO: [context7] 2 tools registered
2026-02-11T04:42:56.626Z [mcp-bridge] INFO: [effect-docs] 2 tools registered
2026-02-11T04:42:56.626Z [mcp-bridge] INFO: [anime-js] 5 tools registered
2026-02-11T04:42:56.627Z [mcp-bridge] INFO: [nia] 12 tools registered
2026-02-11T04:42:56.627Z [mcp-bridge] INFO: [firecrawl] 8 tools registered
2026-02-11T04:42:56.627Z [mcp-bridge] INFO: Total: 38 tools from 7 servers
2026-02-11T04:43:53.958Z [eisenhower] INFO: extension:loaded
2026-02-11T04:43:54.048Z [mcp-bridge] INFO: [exa] 7 tools registered
2026-02-11T04:43:54.048Z [mcp-bridge] INFO: [deepwiki] 2 tools registered
2026-02-11T04:43:54.048Z [mcp-bridge] INFO: [context7] 2 tools registered
2026-02-11T04:43:54.048Z [mcp-bridge] INFO: [effect-docs] 2 tools registered
2026-02-11T04:43:54.048Z [mcp-bridge] INFO: [anime-js] 5 tools registered
2026-02-11T04:43:54.049Z [mcp-bridge] INFO: [nia] 12 tools registered
2026-02-11T04:43:54.049Z [mcp-bridge] INFO: [firecrawl] 8 tools registered
2026-02-11T04:43:54.049Z [mcp-bridge] INFO: Total: 38 tools from 7 servers
2026-02-11T04:44:57.985Z [eisenhower] INFO: extension:loaded
2026-02-11T04:44:58.039Z [eisenhower] INFO: extension:loaded
2026-02-11T04:44:58.082Z [mcp-bridge] INFO: [exa] 7 tools registered
2026-02-11T04:44:58.082Z [mcp-bridge] INFO: [deepwiki] 2 tools registered
2026-02-11T04:44:58.082Z [mcp-bridge] INFO: [context7] 2 tools registered
2026-02-11T04:44:58.082Z [mcp-bridge] INFO: [effect-docs] 2 tools registered
2026-02-11T04:44:58.082Z [mcp-bridge] INFO: [anime-js] 5 tools registered
2026-02-11T04:44:58.083Z [mcp-bridge] INFO: [nia] 12 tools registered
2026-02-11T04:44:58.083Z [mcp-bridge] INFO: [firecrawl] 8 tools registered
2026-02-11T04:44:58.083Z [mcp-bridge] INFO: Total: 38 tools from 7 servers
2026-02-11T04:44:58.141Z [mcp-bridge] INFO: [exa] 7 tools registered
2026-02-11T04:44:58.141Z [mcp-bridge] INFO: [deepwiki] 2 tools registered
2026-02-11T04:44:58.142Z [mcp-bridge] INFO: [context7] 2 tools registered
2026-02-11T04:44:58.142Z [mcp-bridge] INFO: [effect-docs] 2 tools registered
2026-02-11T04:44:58.142Z [mcp-bridge] INFO: [anime-js] 5 tools registered
2026-02-11T04:44:58.142Z [mcp-bridge] INFO: [nia] 12 tools registered
2026-02-11T04:44:58.142Z [mcp-bridge] INFO: [firecrawl] 8 tools registered
2026-02-11T04:44:58.143Z [mcp-bridge] INFO: Total: 38 tools from 7 servers
2026-02-11T04:46:45.230Z [eisenhower] INFO: extension:loaded
2026-02-11T04:46:45.317Z [mcp-bridge] INFO: [exa] 7 tools registered
2026-02-11T04:46:45.318Z [mcp-bridge] INFO: [deepwiki] 2 tools registered
2026-02-11T04:46:45.318Z [mcp-bridge] INFO: [context7] 2 tools registered
2026-02-11T04:46:45.318Z [mcp-bridge] INFO: [effect-docs] 2 tools registered
2026-02-11T04:46:45.318Z [mcp-bridge] INFO: [anime-js] 5 tools registered
2026-02-11T04:46:45.318Z [mcp-bridge] INFO: [nia] 12 tools registered
2026-02-11T04:46:45.319Z [mcp-bridge] INFO: [firecrawl] 8 tools registered
2026-02-11T04:46:45.319Z [mcp-bridge] INFO: Total: 38 tools from 7 servers
2026-02-11T04:52:21.838Z [eisenhower] INFO: extension:loaded
2026-02-11T04:52:21.925Z [mcp-bridge] INFO: [exa] 7 tools registered
2026-02-11T04:52:21.925Z [mcp-bridge] INFO: [deepwiki] 2 tools registered
2026-02-11T04:52:21.925Z [mcp-bridge] INFO: [context7] 2 tools registered
2026-02-11T04:52:21.925Z [mcp-bridge] INFO: [effect-docs] 2 tools registered
2026-02-11T04:52:21.925Z [mcp-bridge] INFO: [anime-js] 5 tools registered
2026-02-11T04:52:21.926Z [mcp-bridge] INFO: [nia] 12 tools registered
2026-02-11T04:52:21.926Z [mcp-bridge] INFO: [firecrawl] 8 tools registered
2026-02-11T04:52:21.926Z [mcp-bridge] INFO: Total: 38 tools from 7 servers
2026-02-11T04:54:40.319Z [eisenhower] INFO: extension:loaded
2026-02-11T04:54:40.413Z [mcp-bridge] INFO: [exa] 7 tools registered
2026-02-11T04:54:40.414Z [mcp-bridge] INFO: [deepwiki] 2 tools registered
2026-02-11T04:54:40.414Z [mcp-bridge] INFO: [context7] 2 tools registered
2026-02-11T04:54:40.414Z [mcp-bridge] INFO: [effect-docs] 2 tools registered
2026-02-11T04:54:40.414Z [mcp-bridge] INFO: [anime-js] 5 tools registered
2026-02-11T04:54:40.414Z [mcp-bridge] INFO: [nia] 12 tools registered
2026-02-11T04:54:40.415Z [mcp-bridge] INFO: [firecrawl] 8 tools registered
2026-02-11T04:54:40.415Z [mcp-bridge] INFO: Total: 38 tools from 7 servers
2026-02-11T04:55:57.942Z [eisenhower] INFO: extension:loaded
2026-02-11T04:55:58.039Z [mcp-bridge] INFO: [exa] 7 tools registered
2026-02-11T04:55:58.039Z [mcp-bridge] INFO: [deepwiki] 2 tools registered
2026-02-11T04:55:58.039Z [mcp-bridge] INFO: [context7] 2 tools registered
2026-02-11T04:55:58.039Z [mcp-bridge] INFO: [effect-docs] 2 tools registered
2026-02-11T04:55:58.039Z [mcp-bridge] INFO: [anime-js] 5 tools registered
2026-02-11T04:55:58.040Z [mcp-bridge] INFO: [nia] 12 tools registered
2026-02-11T04:55:58.040Z [mcp-bridge] INFO: [firecrawl] 8 tools registered
2026-02-11T04:55:58.040Z [mcp-bridge] INFO: Total: 38 tools from 7 servers
2026-02-11T05:01:06.717Z [eisenhower] INFO: extension:loaded
2026-02-11T05:01:06.804Z [mcp-bridge] INFO: [exa] 7 tools registered
2026-02-11T05:01:06.804Z [mcp-bridge] INFO: [deepwiki] 2 tools registered
2026-02-11T05:01:06.804Z [mcp-bridge] INFO: [context7] 2 tools registered
2026-02-11T05:01:06.804Z [mcp-bridge] INFO: [effect-docs] 2 tools registered
2026-02-11T05:01:06.804Z [mcp-bridge] INFO: [anime-js] 5 tools registered
2026-02-11T05:01:06.805Z [mcp-bridge] INFO: [nia] 12 tools registered
2026-02-11T05:01:06.805Z [mcp-bridge] INFO: [firecrawl] 8 tools registered
2026-02-11T05:01:06.805Z [mcp-bridge] INFO: Total: 38 tools from 7 servers
2026-02-11T05:02:26.432Z [eisenhower] INFO: extension:loaded
2026-02-11T05:02:26.518Z [mcp-bridge] INFO: [exa] 7 tools registered
2026-02-11T05:02:26.518Z [mcp-bridge] INFO: [deepwiki] 2 tools registered
2026-02-11T05:02:26.518Z [mcp-bridge] INFO: [context7] 2 tools registered
2026-02-11T05:02:26.518Z [mcp-bridge] INFO: [effect-docs] 2 tools registered
2026-02-11T05:02:26.518Z [mcp-bridge] INFO: [anime-js] 5 tools registered
2026-02-11T05:02:26.519Z [mcp-bridge] INFO: [nia] 12 tools registered
2026-02-11T05:02:26.519Z [mcp-bridge] INFO: [firecrawl] 8 tools registered
2026-02-11T05:02:26.519Z [mcp-bridge] INFO: Total: 38 tools from 7 servers
2026-02-11T05:16:11.403Z [eisenhower] INFO: extension:loaded
2026-02-11T05:16:11.480Z [eisenhower] INFO: extension:loaded
2026-02-11T05:16:11.496Z [mcp-bridge] INFO: [exa] 7 tools registered
2026-02-11T05:16:11.496Z [mcp-bridge] INFO: [deepwiki] 2 tools registered
2026-02-11T05:16:11.496Z [mcp-bridge] INFO: [context7] 2 tools registered
2026-02-11T05:16:11.496Z [mcp-bridge] INFO: [effect-docs] 2 tools registered
2026-02-11T05:16:11.496Z [mcp-bridge] INFO: [anime-js] 5 tools registered
2026-02-11T05:16:11.497Z [mcp-bridge] INFO: [nia] 12 tools registered
2026-02-11T05:16:11.497Z [mcp-bridge] INFO: [firecrawl] 8 tools registered
2026-02-11T05:16:11.497Z [mcp-bridge] INFO: Total: 38 tools from 7 servers
2026-02-11T05:16:11.571Z [mcp-bridge] INFO: [exa] 7 tools registered
2026-02-11T05:16:11.571Z [mcp-bridge] INFO: [deepwiki] 2 tools registered
2026-02-11T05:16:11.571Z [mcp-bridge] INFO: [context7] 2 tools registered
2026-02-11T05:16:11.572Z [mcp-bridge] INFO: [effect-docs] 2 tools registered
2026-02-11T05:16:11.572Z [mcp-bridge] INFO: [anime-js] 5 tools registered
2026-02-11T05:16:11.572Z [mcp-bridge] INFO: [nia] 12 tools registered
2026-02-11T05:16:11.572Z [mcp-bridge] INFO: [firecrawl] 8 tools registered
2026-02-11T05:16:11.573Z [mcp-bridge] INFO: Total: 38 tools from 7 servers
2026-02-11T05:24:26.824Z [eisenhower] INFO: extension:loaded
2026-02-11T05:24:26.924Z [mcp-bridge] INFO: [exa] 7 tools registered
2026-02-11T05:24:26.925Z [mcp-bridge] INFO: [deepwiki] 2 tools registered
2026-02-11T05:24:26.925Z [mcp-bridge] INFO: [context7] 2 tools registered
2026-02-11T05:24:26.925Z [mcp-bridge] INFO: [effect-docs] 2 tools registered
2026-02-11T05:24:26.925Z [mcp-bridge] INFO: [anime-js] 5 tools registered
2026-02-11T05:24:26.925Z [mcp-bridge] INFO: [nia] 12 tools registered
2026-02-11T05:24:26.926Z [mcp-bridge] INFO: [firecrawl] 8 tools registered
2026-02-11T05:24:26.926Z [mcp-bridge] INFO: Total: 38 tools from 7 servers
2026-02-11T05:24:26.934Z [eisenhower] INFO: extension:loaded
2026-02-11T05:24:26.937Z [eisenhower] INFO: extension:loaded
2026-02-11T05:24:27.032Z [mcp-bridge] INFO: [exa] 7 tools registered
2026-02-11T05:24:27.033Z [mcp-bridge] INFO: [deepwiki] 2 tools registered
2026-02-11T05:24:27.033Z [mcp-bridge] INFO: [context7] 2 tools registered
2026-02-11T05:24:27.033Z [mcp-bridge] INFO: [effect-docs] 2 tools registered
2026-02-11T05:24:27.033Z [mcp-bridge] INFO: [anime-js] 5 tools registered
2026-02-11T05:24:27.033Z [mcp-bridge] INFO: [nia] 12 tools registered
2026-02-11T05:24:27.034Z [mcp-bridge] INFO: [firecrawl] 8 tools registered
2026-02-11T05:24:27.034Z [mcp-bridge] INFO: Total: 38 tools from 7 servers
2026-02-11T05:24:27.041Z [mcp-bridge] INFO: [exa] 7 tools registered
2026-02-11T05:24:27.042Z [mcp-bridge] INFO: [deepwiki] 2 tools registered
2026-02-11T05:24:27.042Z [mcp-bridge] INFO: [context7] 2 tools registered
2026-02-11T05:24:27.042Z [mcp-bridge] INFO: [effect-docs] 2 tools registered
2026-02-11T05:24:27.042Z [mcp-bridge] INFO: [anime-js] 5 tools registered
2026-02-11T05:24:27.043Z [mcp-bridge] INFO: [nia] 12 tools registered
2026-02-11T05:24:27.043Z [mcp-bridge] INFO: [firecrawl] 8 tools registered
2026-02-11T05:24:27.043Z [mcp-bridge] INFO: Total: 38 tools from 7 servers
2026-02-11T05:25:19.800Z [eisenhower] INFO: extension:loaded
2026-02-11T05:25:19.835Z [eisenhower] INFO: extension:loaded
2026-02-11T05:25:19.903Z [mcp-bridge] INFO: [exa] 7 tools registered
2026-02-11T05:25:19.903Z [mcp-bridge] INFO: [deepwiki] 2 tools registered
2026-02-11T05:25:19.903Z [mcp-bridge] INFO: [context7] 2 tools registered
2026-02-11T05:25:19.904Z [mcp-bridge] INFO: [effect-docs] 2 tools registered
2026-02-11T05:25:19.904Z [mcp-bridge] INFO: [anime-js] 5 tools registered
2026-02-11T05:25:19.904Z [mcp-bridge] INFO: [nia] 12 tools registered
2026-02-11T05:25:19.904Z [mcp-bridge] INFO: [firecrawl] 8 tools registered
2026-02-11T05:25:19.904Z [mcp-bridge] INFO: Total: 38 tools from 7 servers
2026-02-11T05:25:19.941Z [mcp-bridge] INFO: [exa] 7 tools registered
2026-02-11T05:25:19.942Z [mcp-bridge] INFO: [deepwiki] 2 tools registered
2026-02-11T05:25:19.942Z [mcp-bridge] INFO: [context7] 2 tools registered
2026-02-11T05:25:19.942Z [mcp-bridge] INFO: [effect-docs] 2 tools registered
2026-02-11T05:25:19.942Z [mcp-bridge] INFO: [anime-js] 5 tools registered
2026-02-11T05:25:19.942Z [mcp-bridge] INFO: [nia] 12 tools registered
2026-02-11T05:25:19.943Z [mcp-bridge] INFO: [firecrawl] 8 tools registered
2026-02-11T05:25:19.943Z [mcp-bridge] INFO: Total: 38 tools from 7 servers
2026-02-11T05:25:31.793Z [eisenhower] INFO: extension:loaded
2026-02-11T05:25:31.793Z [eisenhower] INFO: extension:loaded
2026-02-11T05:25:44.998Z [mcp-bridge] INFO: [exa] 7 tools registered
2026-02-11T05:25:44.998Z [mcp-bridge] INFO: [exa] 7 tools registered
2026-02-11T05:25:44.998Z [mcp-bridge] INFO: [deepwiki] 2 tools registered
2026-02-11T05:25:44.998Z [mcp-bridge] INFO: [deepwiki] 2 tools registered
2026-02-11T05:25:44.998Z [mcp-bridge] INFO: [context7] 2 tools registered
2026-02-11T05:25:44.998Z [mcp-bridge] INFO: [context7] 2 tools registered
2026-02-11T05:25:44.998Z [mcp-bridge] INFO: [effect-docs] 2 tools registered
2026-02-11T05:25:44.998Z [mcp-bridge] INFO: [effect-docs] 2 tools registered
2026-02-11T05:25:44.998Z [mcp-bridge] INFO: [anime-js] 5 tools registered
2026-02-11T05:25:44.998Z [mcp-bridge] INFO: [anime-js] 5 tools registered
2026-02-11T05:25:44.999Z [mcp-bridge] INFO: [nia] 12 tools registered
2026-02-11T05:25:44.999Z [mcp-bridge] INFO: [nia] 12 tools registered
2026-02-11T05:25:44.999Z [mcp-bridge] INFO: [firecrawl] 8 tools registered
2026-02-11T05:25:44.999Z [mcp-bridge] INFO: [firecrawl] 8 tools registered
2026-02-11T05:25:44.999Z [mcp-bridge] INFO: Total: 38 tools from 7 servers
2026-02-11T05:25:44.999Z [mcp-bridge] INFO: Total: 38 tools from 7 servers
2026-02-11T05:28:18.197Z [mcp-bridge] INFO: Refreshing tool cache in background...
2026-02-11T05:28:18.197Z [mcp-bridge] INFO: Running tool discovery for 7 servers...
2026-02-11T05:28:18.197Z [mcp-bridge] INFO: Refreshing tool cache in background...
2026-02-11T05:28:18.198Z [mcp-bridge] INFO: Running tool discovery for 7 servers...
2026-02-11T05:28:52.562Z [mcp-bridge] INFO: Cache written: 7 servers
2026-02-11T05:28:52.563Z [mcp-bridge] INFO: Cache written: 7 servers
2026-02-11T05:28:52.597Z [mcp-bridge] INFO: Cache written: 7 servers
2026-02-11T05:28:52.598Z [mcp-bridge] INFO: Cache written: 7 servers
2026-02-11T05:34:09.846Z [eisenhower] INFO: extension:loaded
2026-02-11T05:34:09.859Z [eisenhower] INFO: extension:loaded
2026-02-11T05:34:09.941Z [mcp-bridge] INFO: [exa] 7 tools registered
2026-02-11T05:34:09.941Z [mcp-bridge] INFO: [context7] 2 tools registered
2026-02-11T05:34:09.941Z [mcp-bridge] INFO: [effect-docs] 2 tools registered
2026-02-11T05:34:09.942Z [mcp-bridge] INFO: [nia] 12 tools registered
2026-02-11T05:34:09.942Z [mcp-bridge] INFO: [firecrawl] 8 tools registered
2026-02-11T05:34:09.942Z [mcp-bridge] INFO: Total: 31 tools from 7 servers
2026-02-11T05:34:09.955Z [mcp-bridge] INFO: [exa] 7 tools registered
2026-02-11T05:34:09.955Z [mcp-bridge] INFO: [context7] 2 tools registered
2026-02-11T05:34:09.955Z [mcp-bridge] INFO: [effect-docs] 2 tools registered
2026-02-11T05:34:09.955Z [mcp-bridge] INFO: [nia] 12 tools registered
2026-02-11T05:34:09.956Z [mcp-bridge] INFO: [firecrawl] 8 tools registered
2026-02-11T05:34:09.956Z [mcp-bridge] INFO: Total: 31 tools from 7 servers
2026-02-11T05:42:37.283Z [eisenhower] INFO: extension:loaded
2026-02-11T05:42:37.375Z [mcp-bridge] INFO: [exa] 7 tools registered
2026-02-11T05:42:37.375Z [mcp-bridge] INFO: [context7] 2 tools registered
2026-02-11T05:42:37.375Z [mcp-bridge] INFO: [effect-docs] 2 tools registered
2026-02-11T05:42:37.376Z [mcp-bridge] INFO: [nia] 12 tools registered
2026-02-11T05:42:37.376Z [mcp-bridge] INFO: [firecrawl] 8 tools registered
2026-02-11T05:42:37.376Z [mcp-bridge] INFO: Total: 31 tools from 7 servers
2026-02-11T05:54:56.366Z [eisenhower] INFO: extension:loaded
2026-02-11T05:54:56.377Z [mcp-bridge] INFO: [exa] 7 tools registered
2026-02-11T05:54:56.377Z [mcp-bridge] INFO: [context7] 2 tools registered
2026-02-11T05:54:56.377Z [mcp-bridge] INFO: [effect-docs] 2 tools registered
2026-02-11T05:54:56.377Z [mcp-bridge] INFO: [nia] 12 tools registered
2026-02-11T05:54:56.377Z [mcp-bridge] INFO: [firecrawl] 8 tools registered
2026-02-11T05:54:56.377Z [mcp-bridge] INFO: Total: 31 tools from 7 servers
2026-02-11T05:56:56.845Z [eisenhower] INFO: extension:loaded
2026-02-11T05:56:56.935Z [mcp-bridge] INFO: [exa] 7 tools registered
2026-02-11T05:56:56.935Z [mcp-bridge] INFO: [context7] 2 tools registered
2026-02-11T05:56:56.935Z [mcp-bridge] INFO: [effect-docs] 2 tools registered
2026-02-11T05:56:56.936Z [mcp-bridge] INFO: [nia] 12 tools registered
2026-02-11T05:56:56.936Z [mcp-bridge] INFO: [firecrawl] 8 tools registered
2026-02-11T05:56:56.936Z [mcp-bridge] INFO: Total: 31 tools from 7 servers
2026-02-11T06:00:40.396Z [eisenhower] INFO: extension:loaded
2026-02-11T06:00:40.479Z [mcp-bridge] INFO: [exa] 7 tools registered
2026-02-11T06:00:40.479Z [mcp-bridge] INFO: [context7] 2 tools registered
2026-02-11T06:00:40.480Z [mcp-bridge] INFO: [effect-docs] 2 tools registered
2026-02-11T06:00:40.480Z [mcp-bridge] INFO: [nia] 12 tools registered
2026-02-11T06:00:40.480Z [mcp-bridge] INFO: [firecrawl] 8 tools registered
2026-02-11T06:00:40.480Z [mcp-bridge] INFO: Total: 31 tools from 7 servers
2026-02-11T06:05:20.521Z [eisenhower] INFO: extension:loaded
2026-02-11T06:05:20.536Z [eisenhower] INFO: extension:loaded
2026-02-11T06:05:20.618Z [mcp-bridge] INFO: [exa] 7 tools registered
2026-02-11T06:05:20.618Z [mcp-bridge] INFO: [context7] 2 tools registered
2026-02-11T06:05:20.618Z [mcp-bridge] INFO: [effect-docs] 2 tools registered
2026-02-11T06:05:20.618Z [mcp-bridge] INFO: [nia] 12 tools registered
2026-02-11T06:05:20.619Z [mcp-bridge] INFO: [firecrawl] 8 tools registered
2026-02-11T06:05:20.619Z [mcp-bridge] INFO: Total: 31 tools from 7 servers
2026-02-11T06:05:20.634Z [mcp-bridge] INFO: [exa] 7 tools registered
2026-02-11T06:05:20.634Z [mcp-bridge] INFO: [context7] 2 tools registered
2026-02-11T06:05:20.634Z [mcp-bridge] INFO: [effect-docs] 2 tools registered
2026-02-11T06:05:20.635Z [mcp-bridge] INFO: [nia] 12 tools registered
2026-02-11T06:05:20.635Z [mcp-bridge] INFO: [firecrawl] 8 tools registered
2026-02-11T06:05:20.635Z [mcp-bridge] INFO: Total: 31 tools from 7 servers
2026-02-11T06:11:05.792Z [eisenhower] INFO: extension:loaded
2026-02-11T06:11:05.885Z [mcp-bridge] INFO: [exa] 7 tools registered
2026-02-11T06:11:05.885Z [mcp-bridge] INFO: [context7] 2 tools registered
2026-02-11T06:11:05.885Z [mcp-bridge] INFO: [effect-docs] 2 tools registered
2026-02-11T06:11:05.886Z [mcp-bridge] INFO: [nia] 12 tools registered
2026-02-11T06:11:05.886Z [mcp-bridge] INFO: [firecrawl] 8 tools registered
2026-02-11T06:11:05.886Z [mcp-bridge] INFO: Total: 31 tools from 7 servers
2026-02-11T06:11:49.893Z [eisenhower] INFO: extension:loaded
2026-02-11T06:11:49.902Z [mcp-bridge] INFO: [exa] 7 tools registered
2026-02-11T06:11:49.902Z [mcp-bridge] INFO: [context7] 2 tools registered
2026-02-11T06:11:49.903Z [mcp-bridge] INFO: [effect-docs] 2 tools registered
2026-02-11T06:11:49.903Z [mcp-bridge] INFO: [nia] 12 tools registered
2026-02-11T06:11:49.903Z [mcp-bridge] INFO: [firecrawl] 8 tools registered
2026-02-11T06:11:49.903Z [mcp-bridge] INFO: Total: 31 tools from 7 servers
2026-02-11T06:11:53.695Z [eisenhower] INFO: extension:loaded
2026-02-11T06:11:53.700Z [mcp-bridge] INFO: [exa] 7 tools registered
2026-02-11T06:11:53.700Z [mcp-bridge] INFO: [context7] 2 tools registered
2026-02-11T06:11:53.700Z [mcp-bridge] INFO: [effect-docs] 2 tools registered
2026-02-11T06:11:53.700Z [mcp-bridge] INFO: [nia] 12 tools registered
2026-02-11T06:11:53.700Z [mcp-bridge] INFO: [firecrawl] 8 tools registered
2026-02-11T06:11:53.700Z [mcp-bridge] INFO: Total: 31 tools from 7 servers
2026-02-11T06:13:09.272Z [eisenhower] INFO: extension:loaded
2026-02-11T06:13:09.362Z [mcp-bridge] INFO: [exa] 7 tools registered
2026-02-11T06:13:09.362Z [mcp-bridge] INFO: [context7] 2 tools registered
2026-02-11T06:13:09.362Z [mcp-bridge] INFO: [effect-docs] 2 tools registered
2026-02-11T06:13:09.363Z [mcp-bridge] INFO: [nia] 12 tools registered
2026-02-11T06:13:09.363Z [mcp-bridge] INFO: [firecrawl] 8 tools registered
2026-02-11T06:13:09.363Z [mcp-bridge] INFO: Total: 31 tools from 7 servers
2026-02-11T06:17:11.867Z [eisenhower] INFO: extension:loaded
2026-02-11T06:17:11.881Z [mcp-bridge] INFO: [exa] 7 tools registered
2026-02-11T06:17:11.881Z [mcp-bridge] INFO: [context7] 2 tools registered
2026-02-11T06:17:11.881Z [mcp-bridge] INFO: [effect-docs] 2 tools registered
2026-02-11T06:17:11.882Z [mcp-bridge] INFO: [nia] 12 tools registered
2026-02-11T06:17:11.882Z [mcp-bridge] INFO: [firecrawl] 8 tools registered
2026-02-11T06:17:11.882Z [mcp-bridge] INFO: Total: 31 tools from 7 servers
2026-02-11T06:20:34.311Z [eisenhower] INFO: extension:loaded
2026-02-11T06:20:34.316Z [mcp-bridge] INFO: [exa] 7 tools registered
2026-02-11T06:20:34.316Z [mcp-bridge] INFO: [context7] 2 tools registered
2026-02-11T06:20:34.316Z [mcp-bridge] INFO: [effect-docs] 2 tools registered
2026-02-11T06:20:34.316Z [mcp-bridge] INFO: [nia] 12 tools registered
2026-02-11T06:20:34.317Z [mcp-bridge] INFO: [firecrawl] 8 tools registered
2026-02-11T06:20:34.317Z [mcp-bridge] INFO: Total: 31 tools from 7 servers
2026-02-11T06:20:44.306Z [eisenhower] INFO: extension:loaded
2026-02-11T06:20:44.362Z [eisenhower] INFO: extension:loaded
2026-02-11T06:20:44.379Z [eisenhower] INFO: extension:loaded
2026-02-11T06:20:44.408Z [mcp-bridge] INFO: [exa] 7 tools registered
2026-02-11T06:20:44.408Z [mcp-bridge] INFO: [context7] 2 tools registered
2026-02-11T06:20:44.408Z [mcp-bridge] INFO: [effect-docs] 2 tools registered
2026-02-11T06:20:44.409Z [mcp-bridge] INFO: [nia] 12 tools registered
2026-02-11T06:20:44.409Z [mcp-bridge] INFO: [firecrawl] 8 tools registered
2026-02-11T06:20:44.409Z [mcp-bridge] INFO: Total: 31 tools from 7 servers
2026-02-11T06:20:44.460Z [mcp-bridge] INFO: [exa] 7 tools registered
2026-02-11T06:20:44.460Z [mcp-bridge] INFO: [context7] 2 tools registered
2026-02-11T06:20:44.460Z [mcp-bridge] INFO: [effect-docs] 2 tools registered
2026-02-11T06:20:44.461Z [mcp-bridge] INFO: [nia] 12 tools registered
2026-02-11T06:20:44.461Z [mcp-bridge] INFO: [firecrawl] 8 tools registered
2026-02-11T06:20:44.461Z [mcp-bridge] INFO: Total: 31 tools from 7 servers
2026-02-11T06:20:44.480Z [mcp-bridge] INFO: [exa] 7 tools registered
2026-02-11T06:20:44.480Z [mcp-bridge] INFO: [context7] 2 tools registered
2026-02-11T06:20:44.480Z [mcp-bridge] INFO: [effect-docs] 2 tools registered
2026-02-11T06:20:44.481Z [mcp-bridge] INFO: [nia] 12 tools registered
2026-02-11T06:20:44.481Z [mcp-bridge] INFO: [firecrawl] 8 tools registered
2026-02-11T06:20:44.481Z [mcp-bridge] INFO: Total: 31 tools from 7 servers
2026-02-11T06:21:29.701Z [eisenhower] INFO: extension:loaded
2026-02-11T06:21:29.740Z [eisenhower] INFO: extension:loaded
2026-02-11T06:21:29.787Z [mcp-bridge] INFO: [exa] 7 tools registered
2026-02-11T06:21:29.787Z [mcp-bridge] INFO: [context7] 2 tools registered
2026-02-11T06:21:29.787Z [mcp-bridge] INFO: [effect-docs] 2 tools registered
2026-02-11T06:21:29.788Z [mcp-bridge] INFO: [nia] 12 tools registered
2026-02-11T06:21:29.788Z [mcp-bridge] INFO: [firecrawl] 8 tools registered
2026-02-11T06:21:29.788Z [mcp-bridge] INFO: Total: 31 tools from 7 servers
2026-02-11T06:21:29.828Z [mcp-bridge] INFO: [exa] 7 tools registered
2026-02-11T06:21:29.828Z [mcp-bridge] INFO: [context7] 2 tools registered
2026-02-11T06:21:29.828Z [mcp-bridge] INFO: [effect-docs] 2 tools registered
2026-02-11T06:21:29.829Z [mcp-bridge] INFO: [nia] 12 tools registered
2026-02-11T06:21:29.829Z [mcp-bridge] INFO: [firecrawl] 8 tools registered
2026-02-11T06:21:29.829Z [mcp-bridge] INFO: Total: 31 tools from 7 servers
2026-02-11T07:36:40.777Z [eisenhower] INFO: extension:loaded
2026-02-11T07:36:40.871Z [mcp-bridge] INFO: [exa] 7 tools registered
2026-02-11T07:36:40.872Z [mcp-bridge] INFO: [context7] 2 tools registered
2026-02-11T07:36:40.872Z [mcp-bridge] INFO: [effect-docs] 2 tools registered
2026-02-11T07:36:40.872Z [mcp-bridge] INFO: [nia] 12 tools registered
2026-02-11T07:36:40.872Z [mcp-bridge] INFO: [firecrawl] 8 tools registered
2026-02-11T07:36:40.872Z [mcp-bridge] INFO: Total: 31 tools from 7 servers
2026-02-11T07:36:41.631Z [mcp-bridge] INFO: Refreshing tool cache in background...
2026-02-11T07:36:41.631Z [mcp-bridge] INFO: Running tool discovery for 7 servers...
2026-02-11T07:38:11.702Z [mcp-bridge] ERROR: Discovery failed: — spawnSync /bin/sh ETIMEDOUT
2026-02-11T08:12:45.022Z [eisenhower] INFO: extension:loaded
2026-02-11T08:12:45.120Z [mcp-bridge] INFO: [exa] 7 tools registered
2026-02-11T08:12:45.120Z [mcp-bridge] INFO: [context7] 2 tools registered
2026-02-11T08:12:45.120Z [mcp-bridge] INFO: [effect-docs] 2 tools registered
2026-02-11T08:12:45.121Z [mcp-bridge] INFO: [nia] 12 tools registered
2026-02-11T08:12:45.121Z [mcp-bridge] INFO: [firecrawl] 8 tools registered
2026-02-11T08:12:45.121Z [mcp-bridge] INFO: Total: 31 tools from 7 servers
2026-02-11T08:13:12.365Z [mcp-bridge] INFO: Refreshing tool cache in background...
2026-02-11T08:13:12.365Z [mcp-bridge] INFO: Running tool discovery for 7 servers...
2026-02-11T08:14:03.652Z [mcp-bridge] INFO: Cache written: 7 servers
2026-02-11T08:14:03.653Z [mcp-bridge] INFO: Cache written: 7 servers
2026-02-11T08:18:57.942Z [eisenhower] INFO: extension:loaded
2026-02-11T08:18:58.026Z [mcp-bridge] INFO: [exa] 7 tools registered
2026-02-11T08:18:58.026Z [mcp-bridge] INFO: [deepwiki] 2 tools registered
2026-02-11T08:18:58.026Z [mcp-bridge] INFO: [context7] 2 tools registered
2026-02-11T08:18:58.027Z [mcp-bridge] INFO: [effect-docs] 2 tools registered
2026-02-11T08:18:58.027Z [mcp-bridge] INFO: [nia] 12 tools registered
2026-02-11T08:18:58.027Z [mcp-bridge] INFO: [firecrawl] 8 tools registered
2026-02-11T08:18:58.027Z [mcp-bridge] INFO: Total: 33 tools from 7 servers
2026-02-11T13:16:07.029Z [eisenhower] INFO: extension:loaded
2026-02-11T13:16:07.038Z [eisenhower] INFO: extension:loaded
2026-02-11T13:16:07.165Z [mcp-bridge] INFO: [exa] 7 tools registered
2026-02-11T13:16:07.165Z [mcp-bridge] INFO: [exa] 7 tools registered
2026-02-11T13:16:07.166Z [mcp-bridge] INFO: [deepwiki] 2 tools registered
2026-02-11T13:16:07.166Z [mcp-bridge] INFO: [deepwiki] 2 tools registered
2026-02-11T13:16:07.166Z [mcp-bridge] INFO: [context7] 2 tools registered
2026-02-11T13:16:07.166Z [mcp-bridge] INFO: [context7] 2 tools registered
2026-02-11T13:16:07.166Z [mcp-bridge] INFO: [effect-docs] 2 tools registered
2026-02-11T13:16:07.166Z [mcp-bridge] INFO: [effect-docs] 2 tools registered
2026-02-11T13:16:07.166Z [mcp-bridge] INFO: [nia] 12 tools registered
2026-02-11T13:16:07.166Z [mcp-bridge] INFO: [nia] 12 tools registered
2026-02-11T13:16:07.166Z [mcp-bridge] INFO: [firecrawl] 8 tools registered
2026-02-11T13:16:07.167Z [mcp-bridge] INFO: Total: 33 tools from 7 servers
2026-02-11T13:16:07.167Z [mcp-bridge] INFO: [firecrawl] 8 tools registered
2026-02-11T13:16:07.167Z [mcp-bridge] INFO: Total: 33 tools from 7 servers
2026-02-11T13:16:08.519Z [mcp-bridge] INFO: Refreshing tool cache in background...
2026-02-11T13:16:08.519Z [mcp-bridge] INFO: Running tool discovery for 7 servers...
2026-02-11T13:16:08.526Z [mcp-bridge] INFO: Refreshing tool cache in background...
2026-02-11T13:16:08.527Z [mcp-bridge] INFO: Running tool discovery for 7 servers...
2026-02-11T13:16:15.319Z [mcp-bridge] INFO: Cache written: 7 servers
2026-02-11T13:16:15.319Z [mcp-bridge] INFO: Cache written: 7 servers
2026-02-11T13:16:15.335Z [mcp-bridge] INFO: Cache written: 7 servers
2026-02-11T13:16:15.336Z [mcp-bridge] INFO: Cache written: 7 servers
2026-02-11T19:31:41.921Z [eisenhower] INFO: extension:loaded
2026-02-11T19:31:42.138Z [mcp-bridge] INFO: [exa] 7 tools registered
2026-02-11T19:31:42.139Z [mcp-bridge] INFO: [deepwiki] 2 tools registered
2026-02-11T19:31:42.139Z [mcp-bridge] INFO: [context7] 2 tools registered
2026-02-11T19:31:42.139Z [mcp-bridge] INFO: [effect-docs] 2 tools registered
2026-02-11T19:31:42.139Z [mcp-bridge] INFO: [nia] 12 tools registered
2026-02-11T19:31:42.140Z [mcp-bridge] INFO: [firecrawl] 8 tools registered
2026-02-11T19:31:42.140Z [mcp-bridge] INFO: Total: 33 tools from 7 servers
2026-02-11T19:43:03.079Z [mcp-bridge] INFO: Refreshing tool cache in background...
2026-02-11T19:43:03.080Z [mcp-bridge] INFO: Running tool discovery for 7 servers...
2026-02-11T19:44:32.771Z [mcp-bridge] INFO: Cache written: 7 servers
2026-02-11T19:44:32.772Z [mcp-bridge] INFO: Cache written: 7 servers
2026-02-11T20:10:38.484Z [eisenhower] INFO: extension:loaded
2026-02-11T20:10:38.487Z [eisenhower] INFO: extension:loaded
2026-02-11T20:10:38.488Z [eisenhower] INFO: extension:loaded
2026-02-11T20:10:38.495Z [eisenhower] INFO: extension:loaded
2026-02-11T20:10:38.572Z [mcp-bridge] INFO: Total: 0 tools from 7 servers
2026-02-11T20:10:38.572Z [mcp-bridge] INFO: Total: 0 tools from 7 servers
2026-02-11T20:10:38.573Z [mcp-bridge] INFO: Total: 0 tools from 7 servers
2026-02-11T20:10:38.577Z [mcp-bridge] INFO: Total: 0 tools from 7 servers
2026-02-11T20:11:27.614Z [eisenhower] INFO: extension:loaded
2026-02-11T20:11:27.697Z [mcp-bridge] INFO: Total: 0 tools from 7 servers
2026-02-11T20:11:28.216Z [eisenhower] INFO: extension:loaded
2026-02-11T20:11:28.305Z [mcp-bridge] INFO: Total: 0 tools from 7 servers
2026-02-11T20:12:17.730Z [eisenhower] INFO: extension:loaded
2026-02-11T20:12:17.814Z [mcp-bridge] INFO: Total: 0 tools from 7 servers
2026-02-11T20:12:17.943Z [eisenhower] INFO: extension:loaded
2026-02-11T20:12:18.031Z [mcp-bridge] INFO: Total: 0 tools from 7 servers
2026-02-11T22:06:20.211Z [eisenhower] INFO: extension:loaded
2026-02-11T22:06:20.292Z [mcp-bridge] INFO: Total: 0 tools from 7 servers
2026-02-11T22:06:20.997Z [mcp-bridge] INFO: Refreshing tool cache in background...
2026-02-11T22:06:20.998Z [mcp-bridge] INFO: Running tool discovery for 7 servers...
2026-02-11T22:06:44.744Z [mcp-bridge] INFO: Cache written: 7 servers
2026-02-11T22:06:44.744Z [mcp-bridge] INFO: Cache written: 7 servers
2026-02-11T22:08:25.013Z [eisenhower] INFO: extension:loaded
2026-02-11T22:08:25.049Z [eisenhower] INFO: extension:loaded
2026-02-11T22:08:25.098Z [mcp-bridge] INFO: [exa] 7 tools registered
2026-02-11T22:08:25.099Z [mcp-bridge] INFO: [deepwiki] 2 tools registered
2026-02-11T22:08:25.099Z [mcp-bridge] INFO: [context7] 2 tools registered
2026-02-11T22:08:25.099Z [mcp-bridge] INFO: [effect-docs] 2 tools registered
2026-02-11T22:08:25.099Z [mcp-bridge] INFO: [nia] 12 tools registered
2026-02-11T22:08:25.099Z [mcp-bridge] INFO: [firecrawl] 8 tools registered
2026-02-11T22:08:25.100Z [mcp-bridge] INFO: Total: 33 tools from 7 servers
2026-02-11T22:08:25.138Z [mcp-bridge] INFO: [exa] 7 tools registered
2026-02-11T22:08:25.139Z [mcp-bridge] INFO: [deepwiki] 2 tools registered
2026-02-11T22:08:25.139Z [mcp-bridge] INFO: [context7] 2 tools registered
2026-02-11T22:08:25.139Z [mcp-bridge] INFO: [effect-docs] 2 tools registered
2026-02-11T22:08:25.139Z [mcp-bridge] INFO: [nia] 12 tools registered
2026-02-11T22:08:25.139Z [mcp-bridge] INFO: [firecrawl] 8 tools registered
2026-02-11T22:08:25.139Z [mcp-bridge] INFO: Total: 33 tools from 7 servers
2026-02-11T22:19:13.492Z [eisenhower] INFO: extension:loaded
2026-02-11T22:19:13.575Z [mcp-bridge] INFO: [exa] 7 tools registered
2026-02-11T22:19:13.575Z [mcp-bridge] INFO: [deepwiki] 2 tools registered
2026-02-11T22:19:13.575Z [mcp-bridge] INFO: [context7] 2 tools registered
2026-02-11T22:19:13.576Z [mcp-bridge] INFO: [effect-docs] 2 tools registered
2026-02-11T22:19:13.576Z [mcp-bridge] INFO: [nia] 12 tools registered
2026-02-11T22:19:13.576Z [mcp-bridge] INFO: [firecrawl] 8 tools registered
2026-02-11T22:19:13.576Z [mcp-bridge] INFO: Total: 33 tools from 7 servers
2026-02-11T22:19:13.578Z [eisenhower] INFO: extension:loaded
2026-02-11T22:19:13.663Z [mcp-bridge] INFO: [exa] 7 tools registered
2026-02-11T22:19:13.663Z [mcp-bridge] INFO: [deepwiki] 2 tools registered
2026-02-11T22:19:13.663Z [mcp-bridge] INFO: [context7] 2 tools registered
2026-02-11T22:19:13.663Z [mcp-bridge] INFO: [effect-docs] 2 tools registered
2026-02-11T22:19:13.664Z [mcp-bridge] INFO: [nia] 12 tools registered
2026-02-11T22:19:13.664Z [mcp-bridge] INFO: [firecrawl] 8 tools registered
2026-02-11T22:19:13.664Z [mcp-bridge] INFO: Total: 33 tools from 7 servers
2026-02-11T22:22:02.076Z [eisenhower] INFO: extension:loaded
2026-02-11T22:22:02.155Z [mcp-bridge] INFO: [exa] 7 tools registered
2026-02-11T22:22:02.155Z [mcp-bridge] INFO: [deepwiki] 2 tools registered
2026-02-11T22:22:02.155Z [mcp-bridge] INFO: [context7] 2 tools registered
2026-02-11T22:22:02.155Z [mcp-bridge] INFO: [effect-docs] 2 tools registered
2026-02-11T22:22:02.155Z [mcp-bridge] INFO: [nia] 12 tools registered
2026-02-11T22:22:02.156Z [mcp-bridge] INFO: [firecrawl] 8 tools registered
2026-02-11T22:22:02.156Z [mcp-bridge] INFO: Total: 33 tools from 7 servers
2026-02-11T22:26:37.499Z [eisenhower] INFO: extension:loaded
2026-02-11T22:26:37.579Z [mcp-bridge] INFO: [exa] 7 tools registered
2026-02-11T22:26:37.579Z [mcp-bridge] INFO: [deepwiki] 2 tools registered
2026-02-11T22:26:37.579Z [mcp-bridge] INFO: [context7] 2 tools registered
2026-02-11T22:26:37.579Z [mcp-bridge] INFO: [effect-docs] 2 tools registered
2026-02-11T22:26:37.579Z [mcp-bridge] INFO: [nia] 12 tools registered
2026-02-11T22:26:37.580Z [mcp-bridge] INFO: [firecrawl] 8 tools registered
2026-02-11T22:26:37.580Z [mcp-bridge] INFO: Total: 33 tools from 7 servers
2026-02-11T23:08:16.891Z [eisenhower] INFO: extension:loaded
2026-02-11T23:08:16.903Z [eisenhower] INFO: extension:loaded
2026-02-11T23:08:16.978Z [mcp-bridge] INFO: [exa] 7 tools registered
2026-02-11T23:08:16.978Z [mcp-bridge] INFO: [deepwiki] 2 tools registered
2026-02-11T23:08:16.978Z [mcp-bridge] INFO: [context7] 2 tools registered
2026-02-11T23:08:16.978Z [mcp-bridge] INFO: [effect-docs] 2 tools registered
2026-02-11T23:08:16.979Z [mcp-bridge] INFO: [nia] 12 tools registered
2026-02-11T23:08:16.979Z [mcp-bridge] INFO: [firecrawl] 8 tools registered
2026-02-11T23:08:16.979Z [mcp-bridge] INFO: Total: 33 tools from 7 servers
2026-02-11T23:08:16.985Z [mcp-bridge] INFO: [exa] 7 tools registered
2026-02-11T23:08:16.986Z [mcp-bridge] INFO: [deepwiki] 2 tools registered
2026-02-11T23:08:16.986Z [mcp-bridge] INFO: [context7] 2 tools registered
2026-02-11T23:08:16.986Z [mcp-bridge] INFO: [effect-docs] 2 tools registered
2026-02-11T23:08:16.986Z [mcp-bridge] INFO: [nia] 12 tools registered
2026-02-11T23:08:16.986Z [mcp-bridge] INFO: [firecrawl] 8 tools registered
2026-02-11T23:08:16.986Z [mcp-bridge] INFO: Total: 33 tools from 7 servers
2026-02-11T23:08:17.693Z [mcp-bridge] INFO: Refreshing tool cache in background...
2026-02-11T23:08:17.694Z [mcp-bridge] INFO: Running tool discovery for 7 servers...
2026-02-11T23:08:17.706Z [mcp-bridge] INFO: Refreshing tool cache in background...
2026-02-11T23:08:17.706Z [mcp-bridge] INFO: Running tool discovery for 7 servers...
2026-02-11T23:08:24.743Z [mcp-bridge] INFO: Cache written: 7 servers
2026-02-11T23:08:24.744Z [mcp-bridge] INFO: Cache written: 7 servers
2026-02-11T23:08:25.301Z [mcp-bridge] INFO: Cache written: 7 servers
2026-02-11T23:08:25.303Z [mcp-bridge] INFO: Cache written: 7 servers
2026-02-11T23:09:04.590Z [eisenhower] INFO: extension:loaded
2026-02-11T23:09:04.618Z [eisenhower] INFO: extension:loaded
2026-02-11T23:09:04.679Z [mcp-bridge] INFO: [exa] 7 tools registered
2026-02-11T23:09:04.679Z [mcp-bridge] INFO: [deepwiki] 2 tools registered
2026-02-11T23:09:04.679Z [mcp-bridge] INFO: [context7] 2 tools registered
2026-02-11T23:09:04.680Z [mcp-bridge] INFO: [effect-docs] 2 tools registered
2026-02-11T23:09:04.680Z [mcp-bridge] INFO: [anime-js] 5 tools registered
2026-02-11T23:09:04.680Z [mcp-bridge] INFO: [nia] 12 tools registered
2026-02-11T23:09:04.680Z [mcp-bridge] INFO: [firecrawl] 8 tools registered
2026-02-11T23:09:04.680Z [mcp-bridge] INFO: Total: 38 tools from 7 servers
2026-02-11T23:09:04.703Z [mcp-bridge] INFO: [exa] 7 tools registered
2026-02-11T23:09:04.703Z [mcp-bridge] INFO: [deepwiki] 2 tools registered
2026-02-11T23:09:04.703Z [mcp-bridge] INFO: [context7] 2 tools registered
2026-02-11T23:09:04.703Z [mcp-bridge] INFO: [effect-docs] 2 tools registered
2026-02-11T23:09:04.703Z [mcp-bridge] INFO: [anime-js] 5 tools registered
2026-02-11T23:09:04.704Z [mcp-bridge] INFO: [nia] 12 tools registered
2026-02-11T23:09:04.704Z [mcp-bridge] INFO: [firecrawl] 8 tools registered
2026-02-11T23:09:04.704Z [mcp-bridge] INFO: Total: 38 tools from 7 servers
2026-02-11T23:09:05.011Z [eisenhower] INFO: extension:loaded
2026-02-11T23:09:05.100Z [mcp-bridge] INFO: [exa] 7 tools registered
2026-02-11T23:09:05.100Z [mcp-bridge] INFO: [deepwiki] 2 tools registered
2026-02-11T23:09:05.100Z [mcp-bridge] INFO: [context7] 2 tools registered
2026-02-11T23:09:05.100Z [mcp-bridge] INFO: [effect-docs] 2 tools registered
2026-02-11T23:09:05.100Z [mcp-bridge] INFO: [anime-js] 5 tools registered
2026-02-11T23:09:05.100Z [mcp-bridge] INFO: [nia] 12 tools registered
2026-02-11T23:09:05.101Z [mcp-bridge] INFO: [firecrawl] 8 tools registered
2026-02-11T23:09:05.101Z [mcp-bridge] INFO: Total: 38 tools from 7 servers
2026-02-11T23:10:17.887Z [eisenhower] INFO: extension:loaded
2026-02-11T23:10:17.968Z [mcp-bridge] INFO: [exa] 7 tools registered
2026-02-11T23:10:17.968Z [mcp-bridge] INFO: [deepwiki] 2 tools registered
2026-02-11T23:10:17.969Z [mcp-bridge] INFO: [context7] 2 tools registered
2026-02-11T23:10:17.969Z [mcp-bridge] INFO: [effect-docs] 2 tools registered
2026-02-11T23:10:17.969Z [mcp-bridge] INFO: [anime-js] 5 tools registered
2026-02-11T23:10:17.969Z [mcp-bridge] INFO: [nia] 12 tools registered
2026-02-11T23:10:17.969Z [mcp-bridge] INFO: [firecrawl] 8 tools registered
2026-02-11T23:10:17.969Z [mcp-bridge] INFO: Total: 38 tools from 7 servers
2026-02-11T23:11:46.903Z [eisenhower] INFO: extension:loaded
2026-02-11T23:11:46.903Z [eisenhower] INFO: extension:loaded
2026-02-11T23:11:46.998Z [mcp-bridge] INFO: [exa] 7 tools registered
2026-02-11T23:11:46.998Z [mcp-bridge] INFO: [exa] 7 tools registered
2026-02-11T23:11:46.998Z [mcp-bridge] INFO: [deepwiki] 2 tools registered
2026-02-11T23:11:46.998Z [mcp-bridge] INFO: [deepwiki] 2 tools registered
2026-02-11T23:11:46.998Z [mcp-bridge] INFO: [context7] 2 tools registered
2026-02-11T23:11:46.998Z [mcp-bridge] INFO: [context7] 2 tools registered
2026-02-11T23:11:46.998Z [mcp-bridge] INFO: [effect-docs] 2 tools registered
2026-02-11T23:11:46.998Z [mcp-bridge] INFO: [effect-docs] 2 tools registered
2026-02-11T23:11:46.998Z [mcp-bridge] INFO: [anime-js] 5 tools registered
2026-02-11T23:11:46.998Z [mcp-bridge] INFO: [anime-js] 5 tools registered
2026-02-11T23:11:46.999Z [mcp-bridge] INFO: [nia] 12 tools registered
2026-02-11T23:11:46.999Z [mcp-bridge] INFO: [nia] 12 tools registered
2026-02-11T23:11:46.999Z [mcp-bridge] INFO: [firecrawl] 8 tools registered
2026-02-11T23:11:46.999Z [mcp-bridge] INFO: [firecrawl] 8 tools registered
2026-02-11T23:11:46.999Z [mcp-bridge] INFO: Total: 38 tools from 7 servers
2026-02-11T23:11:46.999Z [mcp-bridge] INFO: Total: 38 tools from 7 servers
2026-02-11T23:17:20.785Z [eisenhower] INFO: extension:loaded
2026-02-11T23:17:20.835Z [eisenhower] INFO: extension:loaded
2026-02-11T23:17:20.874Z [mcp-bridge] INFO: [exa] 7 tools registered
2026-02-11T23:17:20.874Z [mcp-bridge] INFO: [deepwiki] 2 tools registered
2026-02-11T23:17:20.874Z [mcp-bridge] INFO: [context7] 2 tools registered
2026-02-11T23:17:20.874Z [mcp-bridge] INFO: [effect-docs] 2 tools registered
2026-02-11T23:17:20.874Z [mcp-bridge] INFO: [anime-js] 5 tools registered
2026-02-11T23:17:20.875Z [mcp-bridge] INFO: [nia] 12 tools registered
2026-02-11T23:17:20.875Z [mcp-bridge] INFO: [firecrawl] 8 tools registered
2026-02-11T23:17:20.876Z [mcp-bridge] INFO: Total: 38 tools from 7 servers
2026-02-11T23:17:20.925Z [mcp-bridge] INFO: [exa] 7 tools registered
2026-02-11T23:17:20.926Z [mcp-bridge] INFO: [deepwiki] 2 tools registered
2026-02-11T23:17:20.926Z [mcp-bridge] INFO: [context7] 2 tools registered
2026-02-11T23:17:20.926Z [mcp-bridge] INFO: [effect-docs] 2 tools registered
2026-02-11T23:17:20.926Z [mcp-bridge] INFO: [anime-js] 5 tools registered
2026-02-11T23:17:20.926Z [mcp-bridge] INFO: [nia] 12 tools registered
2026-02-11T23:17:20.927Z [mcp-bridge] INFO: [firecrawl] 8 tools registered
2026-02-11T23:17:20.927Z [mcp-bridge] INFO: Total: 38 tools from 7 servers
2026-02-11T23:20:35.451Z [eisenhower] INFO: extension:loaded
2026-02-11T23:20:35.548Z [mcp-bridge] INFO: [exa] 7 tools registered
2026-02-11T23:20:35.548Z [mcp-bridge] INFO: [deepwiki] 2 tools registered
2026-02-11T23:20:35.548Z [mcp-bridge] INFO: [context7] 2 tools registered
2026-02-11T23:20:35.548Z [mcp-bridge] INFO: [effect-docs] 2 tools registered
2026-02-11T23:20:35.548Z [mcp-bridge] INFO: [anime-js] 5 tools registered
2026-02-11T23:20:35.549Z [mcp-bridge] INFO: [nia] 12 tools registered
2026-02-11T23:20:35.549Z [mcp-bridge] INFO: [firecrawl] 8 tools registered
2026-02-11T23:20:35.549Z [mcp-bridge] INFO: Total: 38 tools from 7 servers
2026-02-11T23:35:56.294Z [eisenhower] INFO: extension:loaded
2026-02-11T23:35:56.386Z [mcp-bridge] INFO: [exa] 7 tools registered
2026-02-11T23:35:56.386Z [mcp-bridge] INFO: [deepwiki] 2 tools registered
2026-02-11T23:35:56.386Z [mcp-bridge] INFO: [context7] 2 tools registered
2026-02-11T23:35:56.386Z [mcp-bridge] INFO: [effect-docs] 2 tools registered
2026-02-11T23:35:56.386Z [mcp-bridge] INFO: [anime-js] 5 tools registered
2026-02-11T23:35:56.387Z [mcp-bridge] INFO: [nia] 12 tools registered
2026-02-11T23:35:56.387Z [mcp-bridge] INFO: [firecrawl] 8 tools registered
2026-02-11T23:35:56.387Z [mcp-bridge] INFO: Total: 38 tools from 7 servers
2026-02-11T23:44:29.663Z [eisenhower] INFO: extension:loaded
2026-02-11T23:44:29.746Z [mcp-bridge] INFO: [exa] 7 tools registered
2026-02-11T23:44:29.746Z [mcp-bridge] INFO: [deepwiki] 2 tools registered
2026-02-11T23:44:29.746Z [mcp-bridge] INFO: [context7] 2 tools registered
2026-02-11T23:44:29.746Z [mcp-bridge] INFO: [effect-docs] 2 tools registered
2026-02-11T23:44:29.746Z [mcp-bridge] INFO: [anime-js] 5 tools registered
2026-02-11T23:44:29.747Z [mcp-bridge] INFO: [nia] 12 tools registered
2026-02-11T23:44:29.747Z [mcp-bridge] INFO: [firecrawl] 8 tools registered
2026-02-11T23:44:29.747Z [mcp-bridge] INFO: Total: 38 tools from 7 servers
2026-02-13T06:10:56.653Z [eisenhower] INFO: extension:loaded
2026-02-13T06:10:56.783Z [mcp-bridge] INFO: [exa] 7 tools registered
2026-02-13T06:10:56.783Z [mcp-bridge] INFO: [deepwiki] 2 tools registered
2026-02-13T06:10:56.783Z [mcp-bridge] INFO: [context7] 2 tools registered
2026-02-13T06:10:56.783Z [mcp-bridge] INFO: [effect-docs] 2 tools registered
2026-02-13T06:10:56.783Z [mcp-bridge] INFO: [anime-js] 5 tools registered
2026-02-13T06:10:56.784Z [mcp-bridge] INFO: [nia] 12 tools registered
2026-02-13T06:10:56.784Z [mcp-bridge] INFO: [firecrawl] 8 tools registered
2026-02-13T06:10:56.784Z [mcp-bridge] INFO: Total: 38 tools from 7 servers
2026-02-13T06:12:20.053Z [mcp-bridge] INFO: Refreshing tool cache in background...
2026-02-13T06:12:20.053Z [mcp-bridge] INFO: Running tool discovery for 7 servers...
2026-02-13T06:12:54.272Z [mcp-bridge] INFO: Cache written: 7 servers
2026-02-13T06:12:54.273Z [mcp-bridge] INFO: Cache written: 7 servers
2026-02-13T06:48:03.252Z [eisenhower] INFO: extension:loaded
2026-02-13T06:48:20.219Z [mcp-bridge] INFO: [exa] 7 tools registered
2026-02-13T06:48:20.219Z [mcp-bridge] INFO: [deepwiki] 2 tools registered
2026-02-13T06:48:20.219Z [mcp-bridge] INFO: [context7] 2 tools registered
2026-02-13T06:48:20.219Z [mcp-bridge] INFO: [effect-docs] 2 tools registered
2026-02-13T06:48:20.219Z [mcp-bridge] INFO: [nia] 12 tools registered
2026-02-13T06:48:20.220Z [mcp-bridge] INFO: [firecrawl] 8 tools registered
2026-02-13T06:48:20.220Z [mcp-bridge] INFO: Total: 33 tools from 7 servers
2026-02-13T06:48:23.107Z [eisenhower] INFO: extension:loaded
2026-02-13T06:48:23.184Z [mcp-bridge] INFO: [exa] 7 tools registered
2026-02-13T06:48:23.184Z [mcp-bridge] INFO: [deepwiki] 2 tools registered
2026-02-13T06:48:23.184Z [mcp-bridge] INFO: [context7] 2 tools registered
2026-02-13T06:48:23.184Z [mcp-bridge] INFO: [effect-docs] 2 tools registered
2026-02-13T06:48:23.185Z [mcp-bridge] INFO: [nia] 12 tools registered
2026-02-13T06:48:23.185Z [mcp-bridge] INFO: [firecrawl] 8 tools registered
2026-02-13T06:48:23.185Z [mcp-bridge] INFO: Total: 33 tools from 7 servers
2026-02-13T06:48:29.182Z [eisenhower] INFO: extension:loaded
2026-02-13T06:48:29.263Z [mcp-bridge] INFO: [exa] 7 tools registered
2026-02-13T06:48:29.263Z [mcp-bridge] INFO: [deepwiki] 2 tools registered
2026-02-13T06:48:29.263Z [mcp-bridge] INFO: [context7] 2 tools registered
2026-02-13T06:48:29.263Z [mcp-bridge] INFO: [effect-docs] 2 tools registered
2026-02-13T06:48:29.264Z [mcp-bridge] INFO: [nia] 12 tools registered
2026-02-13T06:48:29.264Z [mcp-bridge] INFO: [firecrawl] 8 tools registered
2026-02-13T06:48:29.264Z [mcp-bridge] INFO: Total: 33 tools from 7 servers
2026-02-13T11:06:36.051Z [eisenhower] INFO: extension:loaded
2026-02-13T11:06:36.135Z [mcp-bridge] INFO: [exa] 7 tools registered
2026-02-13T11:06:36.135Z [mcp-bridge] INFO: [deepwiki] 2 tools registered
2026-02-13T11:06:36.136Z [mcp-bridge] INFO: [context7] 2 tools registered
2026-02-13T11:06:36.136Z [mcp-bridge] INFO: [effect-docs] 2 tools registered
2026-02-13T11:06:36.136Z [mcp-bridge] INFO: [nia] 12 tools registered
2026-02-13T11:06:36.136Z [mcp-bridge] INFO: [firecrawl] 8 tools registered
2026-02-13T11:06:36.136Z [mcp-bridge] INFO: Total: 33 tools from 7 servers
2026-02-13T11:06:36.863Z [mcp-bridge] INFO: Refreshing tool cache in background...
2026-02-13T11:06:36.863Z [mcp-bridge] INFO: Running tool discovery for 7 servers...
2026-02-13T11:08:06.395Z [mcp-bridge] INFO: Cache written: 7 servers
2026-02-13T11:08:06.395Z [mcp-bridge] INFO: Cache written: 7 servers
2026-02-13T18:16:03.707Z [eisenhower] INFO: extension:loaded
2026-02-13T18:16:03.846Z [mcp-bridge] INFO: [exa] 7 tools registered
2026-02-13T18:16:03.846Z [mcp-bridge] INFO: [context7] 2 tools registered
2026-02-13T18:16:03.846Z [mcp-bridge] INFO: [effect-docs] 2 tools registered
2026-02-13T18:16:03.846Z [mcp-bridge] INFO: [anime-js] 5 tools registered
2026-02-13T18:16:03.847Z [mcp-bridge] INFO: [nia] 12 tools registered
2026-02-13T18:16:03.847Z [mcp-bridge] INFO: [firecrawl] 8 tools registered
2026-02-13T18:16:03.847Z [mcp-bridge] INFO: Total: 36 tools from 7 servers
2026-02-13T18:16:04.736Z [mcp-bridge] INFO: Refreshing tool cache in background...
2026-02-13T18:16:04.736Z [mcp-bridge] INFO: Running tool discovery for 7 servers...
2026-02-13T18:16:05.578Z [eisenhower] INFO: extension:loaded
2026-02-13T18:16:05.661Z [mcp-bridge] INFO: [exa] 7 tools registered
2026-02-13T18:16:05.662Z [mcp-bridge] INFO: [context7] 2 tools registered
2026-02-13T18:16:05.662Z [mcp-bridge] INFO: [effect-docs] 2 tools registered
2026-02-13T18:16:05.662Z [mcp-bridge] INFO: [anime-js] 5 tools registered
2026-02-13T18:16:05.662Z [mcp-bridge] INFO: [nia] 12 tools registered
2026-02-13T18:16:05.662Z [mcp-bridge] INFO: [firecrawl] 8 tools registered
2026-02-13T18:16:05.662Z [mcp-bridge] INFO: Total: 36 tools from 7 servers
2026-02-13T18:16:06.313Z [mcp-bridge] INFO: Refreshing tool cache in background...
2026-02-13T18:16:06.314Z [mcp-bridge] INFO: Running tool discovery for 7 servers...
2026-02-13T18:16:19.694Z [mcp-bridge] INFO: Cache written: 7 servers
2026-02-13T18:16:19.695Z [mcp-bridge] INFO: Cache written: 7 servers
2026-02-13T18:16:19.695Z [mcp-bridge] INFO: Cache written: 7 servers
2026-02-13T18:16:19.695Z [mcp-bridge] INFO: Cache written: 7 servers
2026-02-14T00:42:05.709Z [eisenhower] INFO: extension:loaded
2026-02-14T00:42:07.521Z [mcp-bridge] INFO: [exa] 7 tools registered
2026-02-14T00:42:07.521Z [mcp-bridge] INFO: [deepwiki] 2 tools registered
2026-02-14T00:42:07.521Z [mcp-bridge] INFO: [context7] 2 tools registered
2026-02-14T00:42:07.521Z [mcp-bridge] INFO: [effect-docs] 2 tools registered
2026-02-14T00:42:07.522Z [mcp-bridge] INFO: [nia] 12 tools registered
2026-02-14T00:42:07.522Z [mcp-bridge] INFO: Total: 25 tools from 7 servers
2026-02-14T00:42:30.300Z [eisenhower] INFO: extension:loaded
2026-02-14T00:42:30.406Z [mcp-bridge] INFO: [exa] 7 tools registered
2026-02-14T00:42:30.406Z [mcp-bridge] INFO: [deepwiki] 2 tools registered
2026-02-14T00:42:30.406Z [mcp-bridge] INFO: [context7] 2 tools registered
2026-02-14T00:42:30.406Z [mcp-bridge] INFO: [effect-docs] 2 tools registered
2026-02-14T00:42:30.406Z [mcp-bridge] INFO: [nia] 12 tools registered
2026-02-14T00:42:30.407Z [mcp-bridge] INFO: Total: 25 tools from 7 servers
2026-02-14T00:42:36.195Z [mcp-bridge] INFO: Refreshing tool cache in background...
2026-02-14T00:42:36.196Z [mcp-bridge] INFO: Refreshing tool cache in background...
2026-02-14T00:42:36.196Z [mcp-bridge] INFO: Running tool discovery for 7 servers...
2026-02-14T00:42:36.196Z [mcp-bridge] INFO: Running tool discovery for 7 servers...
2026-02-14T00:43:51.869Z [mcp-bridge] INFO: Cache written: 7 servers
2026-02-14T00:43:51.870Z [mcp-bridge] INFO: Cache written: 7 servers
2026-02-14T00:43:51.870Z [mcp-bridge] INFO: Cache written: 7 servers
2026-02-14T00:43:51.870Z [mcp-bridge] INFO: Cache written: 7 servers
2026-02-14T02:12:38.132Z [eisenhower] INFO: extension:loaded
2026-02-14T02:12:44.815Z [mcp-bridge] INFO: [exa] 7 tools registered
2026-02-14T02:12:44.815Z [mcp-bridge] INFO: [context7] 2 tools registered
2026-02-14T02:12:44.816Z [mcp-bridge] INFO: [nia] 12 tools registered
2026-02-14T02:12:44.816Z [mcp-bridge] INFO: Total: 21 tools from 7 servers
2026-02-14T02:13:16.572Z [mcp-bridge] INFO: Refreshing tool cache in background...
2026-02-14T02:13:16.572Z [mcp-bridge] INFO: Running tool discovery for 7 servers...
2026-02-14T02:13:56.912Z [mcp-bridge] INFO: Cache written: 7 servers
2026-02-14T02:13:56.913Z [mcp-bridge] INFO: Cache written: 7 servers
2026-02-15T16:44:52.694Z [eisenhower] INFO: extension:loaded
2026-02-15T16:44:52.694Z [eisenhower] INFO: extension:loaded
2026-02-15T16:44:52.839Z [mcp-bridge] INFO: [exa] 7 tools registered
2026-02-15T16:44:52.840Z [mcp-bridge] INFO: [context7] 2 tools registered
2026-02-15T16:44:52.840Z [mcp-bridge] INFO: [effect-docs] 2 tools registered
2026-02-15T16:44:52.840Z [mcp-bridge] INFO: [nia] 12 tools registered
2026-02-15T16:44:52.840Z [mcp-bridge] INFO: [firecrawl] 8 tools registered
2026-02-15T16:44:52.840Z [mcp-bridge] INFO: Total: 31 tools from 7 servers
2026-02-15T16:44:52.850Z [mcp-bridge] INFO: [exa] 7 tools registered
2026-02-15T16:44:52.851Z [mcp-bridge] INFO: [context7] 2 tools registered
2026-02-15T16:44:52.851Z [mcp-bridge] INFO: [effect-docs] 2 tools registered
2026-02-15T16:44:52.851Z [mcp-bridge] INFO: [nia] 12 tools registered
2026-02-15T16:44:52.851Z [mcp-bridge] INFO: [firecrawl] 8 tools registered
2026-02-15T16:44:52.851Z [mcp-bridge] INFO: Total: 31 tools from 7 servers
2026-02-15T16:44:56.121Z [mcp-bridge] INFO: Refreshing tool cache in background...
2026-02-15T16:44:56.121Z [mcp-bridge] INFO: Refreshing tool cache in background...
2026-02-15T16:44:56.121Z [mcp-bridge] INFO: Running tool discovery for 7 servers...
2026-02-15T16:44:56.122Z [mcp-bridge] INFO: Running tool discovery for 7 servers...
2026-02-15T16:44:59.718Z [mcp-bridge] INFO: Cache written: 7 servers
2026-02-15T16:44:59.719Z [mcp-bridge] INFO: Cache written: 7 servers
2026-02-15T16:44:59.726Z [mcp-bridge] INFO: Cache written: 7 servers
2026-02-15T16:44:59.727Z [mcp-bridge] INFO: Cache written: 7 servers
2026-02-15T17:12:21.557Z [eisenhower] INFO: extension:loaded
2026-02-15T17:12:51.683Z [mcp-bridge] INFO: [exa] 7 tools registered
2026-02-15T17:12:51.684Z [mcp-bridge] INFO: [deepwiki] 2 tools registered
2026-02-15T17:12:51.684Z [mcp-bridge] INFO: [context7] 2 tools registered
2026-02-15T17:12:51.684Z [mcp-bridge] INFO: [anime-js] 5 tools registered
2026-02-15T17:12:51.684Z [mcp-bridge] INFO: [nia] 12 tools registered
2026-02-15T17:12:51.685Z [mcp-bridge] INFO: [firecrawl] 8 tools registered
2026-02-15T17:12:51.685Z [mcp-bridge] INFO: Total: 36 tools from 7 servers
2026-02-15T21:05:06.761Z [eisenhower] INFO: extension:loaded
2026-02-15T21:05:06.761Z [eisenhower] INFO: extension:loaded
2026-02-15T21:05:06.901Z [mcp-bridge] INFO: [exa] 7 tools registered
2026-02-15T21:05:06.901Z [mcp-bridge] INFO: [exa] 7 tools registered
2026-02-15T21:05:06.901Z [mcp-bridge] INFO: [deepwiki] 2 tools registered
2026-02-15T21:05:06.901Z [mcp-bridge] INFO: [deepwiki] 2 tools registered
2026-02-15T21:05:06.901Z [mcp-bridge] INFO: [context7] 2 tools registered
2026-02-15T21:05:06.901Z [mcp-bridge] INFO: [context7] 2 tools registered
2026-02-15T21:05:06.901Z [mcp-bridge] INFO: [anime-js] 5 tools registered
2026-02-15T21:05:06.901Z [mcp-bridge] INFO: [anime-js] 5 tools registered
2026-02-15T21:05:06.902Z [mcp-bridge] INFO: [nia] 12 tools registered
2026-02-15T21:05:06.902Z [mcp-bridge] INFO: [nia] 12 tools registered
2026-02-15T21:05:06.902Z [mcp-bridge] INFO: [firecrawl] 8 tools registered
2026-02-15T21:05:06.902Z [mcp-bridge] INFO: Total: 36 tools from 7 servers
2026-02-15T21:05:06.902Z [mcp-bridge] INFO: [firecrawl] 8 tools registered
2026-02-15T21:05:06.902Z [mcp-bridge] INFO: Total: 36 tools from 7 servers
2026-02-15T21:05:21.801Z [mcp-bridge] INFO: Refreshing tool cache in background...
2026-02-15T21:05:21.801Z [mcp-bridge] INFO: Refreshing tool cache in background...
2026-02-15T21:05:21.802Z [mcp-bridge] INFO: Running tool discovery for 7 servers...
2026-02-15T21:05:21.802Z [mcp-bridge] INFO: Running tool discovery for 7 servers...
2026-02-15T21:05:42.207Z [mcp-bridge] INFO: Cache written: 7 servers
2026-02-15T21:05:42.207Z [mcp-bridge] INFO: Cache written: 7 servers
2026-02-15T21:05:42.208Z [mcp-bridge] INFO: Cache written: 7 servers
2026-02-15T21:05:42.208Z [mcp-bridge] INFO: Cache written: 7 servers
2026-02-15T21:39:55.714Z [eisenhower] INFO: extension:loaded
2026-02-15T21:39:55.861Z [mcp-bridge] INFO: [exa] 7 tools registered
2026-02-15T21:39:55.861Z [mcp-bridge] INFO: [context7] 2 tools registered
2026-02-15T21:39:55.861Z [mcp-bridge] INFO: [effect-docs] 2 tools registered
2026-02-15T21:39:55.861Z [mcp-bridge] INFO: [anime-js] 5 tools registered
2026-02-15T21:39:55.862Z [mcp-bridge] INFO: [nia] 12 tools registered
2026-02-15T21:39:55.862Z [mcp-bridge] INFO: Total: 28 tools from 7 servers
2026-02-15T21:39:59.769Z [eisenhower] INFO: extension:loaded
2026-02-15T21:39:59.849Z [mcp-bridge] INFO: [exa] 7 tools registered
2026-02-15T21:39:59.850Z [mcp-bridge] INFO: [context7] 2 tools registered
2026-02-15T21:39:59.850Z [mcp-bridge] INFO: [effect-docs] 2 tools registered
2026-02-15T21:39:59.850Z [mcp-bridge] INFO: [anime-js] 5 tools registered
2026-02-15T21:39:59.858Z [mcp-bridge] INFO: [nia] 12 tools registered
2026-02-15T21:39:59.859Z [mcp-bridge] INFO: Total: 28 tools from 7 servers
2026-02-15T22:00:43.540Z [eisenhower] INFO: extension:loaded
2026-02-15T22:00:43.640Z [mcp-bridge] INFO: [exa] 7 tools registered
2026-02-15T22:00:43.641Z [mcp-bridge] INFO: [context7] 2 tools registered
2026-02-15T22:00:43.641Z [mcp-bridge] INFO: [effect-docs] 2 tools registered
2026-02-15T22:00:43.641Z [mcp-bridge] INFO: [anime-js] 5 tools registered
2026-02-15T22:00:43.642Z [mcp-bridge] INFO: [nia] 12 tools registered
2026-02-15T22:00:43.642Z [mcp-bridge] INFO: Total: 28 tools from 7 servers
2026-02-15T22:00:50.894Z [eisenhower] INFO: extension:loaded
2026-02-15T22:00:50.996Z [mcp-bridge] INFO: [exa] 7 tools registered
2026-02-15T22:00:50.996Z [mcp-bridge] INFO: [context7] 2 tools registered
2026-02-15T22:00:50.996Z [mcp-bridge] INFO: [effect-docs] 2 tools registered
2026-02-15T22:00:50.996Z [mcp-bridge] INFO: [anime-js] 5 tools registered
2026-02-15T22:00:50.997Z [mcp-bridge] INFO: [nia] 12 tools registered
2026-02-15T22:00:50.997Z [mcp-bridge] INFO: Total: 28 tools from 7 servers
2026-02-16T00:22:22.833Z [eisenhower] INFO: extension:loaded
2026-02-16T00:22:22.961Z [mcp-bridge] INFO: [exa] 7 tools registered
2026-02-16T00:22:22.961Z [mcp-bridge] INFO: [context7] 2 tools registered
2026-02-16T00:22:22.961Z [mcp-bridge] INFO: [effect-docs] 2 tools registered
2026-02-16T00:22:22.962Z [mcp-bridge] INFO: [anime-js] 5 tools registered
2026-02-16T00:22:22.962Z [mcp-bridge] INFO: [nia] 12 tools registered
2026-02-16T00:22:22.962Z [mcp-bridge] INFO: Total: 28 tools from 7 servers
2026-02-16T00:22:24.022Z [mcp-bridge] INFO: Refreshing tool cache in background...
2026-02-16T00:22:24.023Z [mcp-bridge] INFO: Running tool discovery for 7 servers...
2026-02-16T00:22:28.574Z [mcp-bridge] INFO: Cache written: 7 servers
2026-02-16T00:22:28.574Z [mcp-bridge] INFO: Cache written: 7 servers
2026-02-16T00:29:10.566Z [eisenhower] INFO: extension:loaded
2026-02-16T00:29:10.656Z [mcp-bridge] INFO: [exa] 7 tools registered
2026-02-16T00:29:10.656Z [mcp-bridge] INFO: [deepwiki] 2 tools registered
2026-02-16T00:29:10.657Z [mcp-bridge] INFO: [context7] 2 tools registered
2026-02-16T00:29:10.657Z [mcp-bridge] INFO: [effect-docs] 2 tools registered
2026-02-16T00:29:10.657Z [mcp-bridge] INFO: [anime-js] 5 tools registered
2026-02-16T00:29:10.657Z [mcp-bridge] INFO: [nia] 12 tools registered
2026-02-16T00:29:10.657Z [mcp-bridge] INFO: [firecrawl] 8 tools registered
2026-02-16T00:29:10.657Z [mcp-bridge] INFO: Total: 38 tools from 7 servers
2026-02-16T00:43:06.165Z [eisenhower] INFO: extension:loaded
2026-02-16T00:43:06.253Z [mcp-bridge] INFO: [exa] 7 tools registered
2026-02-16T00:43:06.254Z [mcp-bridge] INFO: [deepwiki] 2 tools registered
2026-02-16T00:43:06.254Z [mcp-bridge] INFO: [context7] 2 tools registered
2026-02-16T00:43:06.254Z [mcp-bridge] INFO: [effect-docs] 2 tools registered
2026-02-16T00:43:06.254Z [mcp-bridge] INFO: [anime-js] 5 tools registered
2026-02-16T00:43:06.255Z [mcp-bridge] INFO: [nia] 12 tools registered
2026-02-16T00:43:06.255Z [mcp-bridge] INFO: [firecrawl] 8 tools registered
2026-02-16T00:43:06.255Z [mcp-bridge] INFO: Total: 38 tools from 7 servers
2026-02-16T02:47:08.744Z [eisenhower] INFO: extension:loaded
2026-02-16T02:47:08.837Z [mcp-bridge] INFO: [exa] 7 tools registered
2026-02-16T02:47:08.837Z [mcp-bridge] INFO: [deepwiki] 2 tools registered
2026-02-16T02:47:08.837Z [mcp-bridge] INFO: [context7] 2 tools registered
2026-02-16T02:47:08.837Z [mcp-bridge] INFO: [effect-docs] 2 tools registered
2026-02-16T02:47:08.837Z [mcp-bridge] INFO: [anime-js] 5 tools registered
2026-02-16T02:47:08.838Z [mcp-bridge] INFO: [nia] 12 tools registered
2026-02-16T02:47:08.838Z [mcp-bridge] INFO: [firecrawl] 8 tools registered
2026-02-16T02:47:08.838Z [mcp-bridge] INFO: Total: 38 tools from 7 servers
2026-02-16T02:47:09.561Z [mcp-bridge] INFO: Refreshing tool cache in background...
2026-02-16T02:47:09.562Z [mcp-bridge] INFO: Running tool discovery for 7 servers...
2026-02-16T02:47:13.871Z [mcp-bridge] INFO: Cache written: 7 servers
2026-02-16T02:47:13.873Z [mcp-bridge] INFO: Cache written: 7 servers
2026-02-16T02:49:28.727Z [eisenhower] INFO: extension:loaded
2026-02-16T02:49:28.759Z [mcp-bridge] INFO: [exa] 7 tools registered
2026-02-16T02:49:28.759Z [mcp-bridge] INFO: [deepwiki] 2 tools registered
2026-02-16T02:49:28.759Z [mcp-bridge] INFO: [context7] 2 tools registered
2026-02-16T02:49:28.759Z [mcp-bridge] INFO: [effect-docs] 2 tools registered
2026-02-16T02:49:28.759Z [mcp-bridge] INFO: [anime-js] 5 tools registered
2026-02-16T02:49:28.760Z [mcp-bridge] INFO: [nia] 12 tools registered
2026-02-16T02:49:28.760Z [mcp-bridge] INFO: [firecrawl] 8 tools registered
2026-02-16T02:49:28.760Z [mcp-bridge] INFO: Total: 38 tools from 7 servers
2026-02-16T03:04:51.811Z [eisenhower] INFO: extension:loaded
2026-02-16T03:04:51.913Z [mcp-bridge] INFO: [exa] 7 tools registered
2026-02-16T03:04:51.913Z [mcp-bridge] INFO: [deepwiki] 2 tools registered
2026-02-16T03:04:51.913Z [mcp-bridge] INFO: [context7] 2 tools registered
2026-02-16T03:04:51.913Z [mcp-bridge] INFO: [effect-docs] 2 tools registered
2026-02-16T03:04:51.913Z [mcp-bridge] INFO: [anime-js] 5 tools registered
2026-02-16T03:04:51.914Z [mcp-bridge] INFO: [nia] 12 tools registered
2026-02-16T03:04:51.914Z [mcp-bridge] INFO: [firecrawl] 8 tools registered
2026-02-16T03:04:51.914Z [mcp-bridge] INFO: Total: 38 tools from 7 servers
2026-02-16T03:09:22.388Z [eisenhower] INFO: extension:loaded
2026-02-16T03:09:22.492Z [mcp-bridge] INFO: [exa] 7 tools registered
2026-02-16T03:09:22.492Z [mcp-bridge] INFO: [deepwiki] 2 tools registered
2026-02-16T03:09:22.492Z [mcp-bridge] INFO: [context7] 2 tools registered
2026-02-16T03:09:22.492Z [mcp-bridge] INFO: [effect-docs] 2 tools registered
2026-02-16T03:09:22.492Z [mcp-bridge] INFO: [anime-js] 5 tools registered
2026-02-16T03:09:22.493Z [mcp-bridge] INFO: [nia] 12 tools registered
2026-02-16T03:09:22.493Z [mcp-bridge] INFO: [firecrawl] 8 tools registered
2026-02-16T03:09:22.493Z [mcp-bridge] INFO: Total: 38 tools from 7 servers
2026-02-16T03:10:26.486Z [eisenhower] INFO: extension:loaded
2026-02-16T03:10:26.577Z [mcp-bridge] INFO: [exa] 7 tools registered
2026-02-16T03:10:26.578Z [mcp-bridge] INFO: [deepwiki] 2 tools registered
2026-02-16T03:10:26.578Z [mcp-bridge] INFO: [context7] 2 tools registered
2026-02-16T03:10:26.578Z [mcp-bridge] INFO: [effect-docs] 2 tools registered
2026-02-16T03:10:26.578Z [mcp-bridge] INFO: [anime-js] 5 tools registered
2026-02-16T03:10:26.578Z [mcp-bridge] INFO: [nia] 12 tools registered
2026-02-16T03:10:26.579Z [mcp-bridge] INFO: [firecrawl] 8 tools registered
2026-02-16T03:10:26.579Z [mcp-bridge] INFO: Total: 38 tools from 7 servers
2026-02-16T17:40:28.505Z [eisenhower] INFO: extension:loaded
2026-02-16T17:40:28.509Z [eisenhower] INFO: extension:loaded
2026-02-16T17:40:28.509Z [eisenhower] INFO: extension:loaded
2026-02-16T17:40:28.665Z [mcp-bridge] INFO: [exa] 7 tools registered
2026-02-16T17:40:28.665Z [mcp-bridge] INFO: [exa] 7 tools registered
2026-02-16T17:40:28.666Z [mcp-bridge] INFO: [deepwiki] 2 tools registered
2026-02-16T17:40:28.666Z [mcp-bridge] INFO: [context7] 2 tools registered
2026-02-16T17:40:28.666Z [mcp-bridge] INFO: [deepwiki] 2 tools registered
2026-02-16T17:40:28.666Z [mcp-bridge] INFO: [effect-docs] 2 tools registered
2026-02-16T17:40:28.666Z [mcp-bridge] INFO: [context7] 2 tools registered
2026-02-16T17:40:28.666Z [mcp-bridge] INFO: [anime-js] 5 tools registered
2026-02-16T17:40:28.666Z [mcp-bridge] INFO: [effect-docs] 2 tools registered
2026-02-16T17:40:28.666Z [mcp-bridge] INFO: [anime-js] 5 tools registered
2026-02-16T17:40:28.666Z [mcp-bridge] INFO: [nia] 12 tools registered
2026-02-16T17:40:28.667Z [mcp-bridge] INFO: [firecrawl] 8 tools registered
2026-02-16T17:40:28.667Z [mcp-bridge] INFO: [nia] 12 tools registered
2026-02-16T17:40:28.667Z [mcp-bridge] INFO: Total: 38 tools from 7 servers
2026-02-16T17:40:28.667Z [mcp-bridge] INFO: [firecrawl] 8 tools registered
2026-02-16T17:40:28.667Z [mcp-bridge] INFO: Total: 38 tools from 7 servers
2026-02-16T17:40:28.677Z [mcp-bridge] INFO: [exa] 7 tools registered
2026-02-16T17:40:28.677Z [mcp-bridge] INFO: [deepwiki] 2 tools registered
2026-02-16T17:40:28.677Z [mcp-bridge] INFO: [context7] 2 tools registered
2026-02-16T17:40:28.677Z [mcp-bridge] INFO: [effect-docs] 2 tools registered
2026-02-16T17:40:28.677Z [mcp-bridge] INFO: [anime-js] 5 tools registered
2026-02-16T17:40:28.678Z [mcp-bridge] INFO: [nia] 12 tools registered
2026-02-16T17:40:28.678Z [mcp-bridge] INFO: [firecrawl] 8 tools registered
2026-02-16T17:40:28.678Z [mcp-bridge] INFO: Total: 38 tools from 7 servers
2026-02-16T17:40:29.862Z [mcp-bridge] INFO: Refreshing tool cache in background...
2026-02-16T17:40:29.862Z [mcp-bridge] INFO: Running tool discovery for 7 servers...
2026-02-16T17:40:29.863Z [mcp-bridge] INFO: Refreshing tool cache in background...
2026-02-16T17:40:29.864Z [mcp-bridge] INFO: Running tool discovery for 7 servers...
2026-02-16T17:40:29.869Z [mcp-bridge] INFO: Refreshing tool cache in background...
2026-02-16T17:40:29.870Z [mcp-bridge] INFO: Running tool discovery for 7 servers...
2026-02-16T17:40:34.878Z [mcp-bridge] INFO: Cache written: 7 servers
2026-02-16T17:40:34.878Z [mcp-bridge] INFO: Cache written: 7 servers
2026-02-16T17:40:34.879Z [mcp-bridge] INFO: Cache written: 7 servers
2026-02-16T17:40:34.880Z [mcp-bridge] INFO: Cache written: 7 servers
2026-02-16T17:40:35.194Z [mcp-bridge] INFO: Cache written: 7 servers
2026-02-16T17:40:35.194Z [mcp-bridge] INFO: Cache written: 7 servers
2026-02-16T17:52:35.903Z [eisenhower] INFO: extension:loaded
2026-02-16T17:52:36.002Z [mcp-bridge] INFO: [exa] 7 tools registered
2026-02-16T17:52:36.002Z [mcp-bridge] INFO: [deepwiki] 2 tools registered
2026-02-16T17:52:36.002Z [mcp-bridge] INFO: [context7] 2 tools registered
2026-02-16T17:52:36.002Z [mcp-bridge] INFO: [effect-docs] 2 tools registered
2026-02-16T17:52:36.002Z [mcp-bridge] INFO: [nia] 12 tools registered
2026-02-16T17:52:36.003Z [mcp-bridge] INFO: [firecrawl] 8 tools registered
2026-02-16T17:52:36.003Z [mcp-bridge] INFO: Total: 33 tools from 7 servers
2026-02-16T17:52:37.428Z [eisenhower] INFO: extension:loaded
2026-02-16T17:52:37.521Z [mcp-bridge] INFO: [exa] 7 tools registered
2026-02-16T17:52:37.521Z [mcp-bridge] INFO: [deepwiki] 2 tools registered
2026-02-16T17:52:37.521Z [mcp-bridge] INFO: [context7] 2 tools registered
2026-02-16T17:52:37.522Z [mcp-bridge] INFO: [effect-docs] 2 tools registered
2026-02-16T17:52:37.522Z [mcp-bridge] INFO: [nia] 12 tools registered
2026-02-16T17:52:37.523Z [mcp-bridge] INFO: [firecrawl] 8 tools registered
2026-02-16T17:52:37.523Z [mcp-bridge] INFO: Total: 33 tools from 7 servers
2026-02-16T18:05:02.200Z [eisenhower] INFO: extension:loaded
2026-02-16T18:05:02.301Z [mcp-bridge] INFO: [exa] 7 tools registered
2026-02-16T18:05:02.301Z [mcp-bridge] INFO: [deepwiki] 2 tools registered
2026-02-16T18:05:02.301Z [mcp-bridge] INFO: [context7] 2 tools registered
2026-02-16T18:05:02.301Z [mcp-bridge] INFO: [effect-docs] 2 tools registered
2026-02-16T18:05:02.302Z [mcp-bridge] INFO: [nia] 12 tools registered
2026-02-16T18:05:02.302Z [mcp-bridge] INFO: [firecrawl] 8 tools registered
2026-02-16T18:05:02.302Z [mcp-bridge] INFO: Total: 33 tools from 7 servers
2026-02-16T18:35:48.218Z [eisenhower] INFO: extension:loaded
2026-02-16T18:35:48.220Z [eisenhower] INFO: extension:loaded
2026-02-16T18:35:48.221Z [eisenhower] INFO: extension:loaded
2026-02-16T18:35:48.396Z [mcp-bridge] INFO: [exa] 7 tools registered
2026-02-16T18:35:48.397Z [mcp-bridge] INFO: [deepwiki] 2 tools registered
2026-02-16T18:35:48.397Z [mcp-bridge] INFO: [context7] 2 tools registered
2026-02-16T18:35:48.397Z [mcp-bridge] INFO: [effect-docs] 2 tools registered
2026-02-16T18:35:48.397Z [mcp-bridge] INFO: [nia] 12 tools registered
2026-02-16T18:35:48.398Z [mcp-bridge] INFO: [firecrawl] 8 tools registered
2026-02-16T18:35:48.398Z [mcp-bridge] INFO: Total: 33 tools from 7 servers
2026-02-16T18:35:48.401Z [mcp-bridge] INFO: [exa] 7 tools registered
2026-02-16T18:35:48.401Z [mcp-bridge] INFO: [deepwiki] 2 tools registered
2026-02-16T18:35:48.402Z [mcp-bridge] INFO: [context7] 2 tools registered
2026-02-16T18:35:48.402Z [mcp-bridge] INFO: [effect-docs] 2 tools registered
2026-02-16T18:35:48.402Z [mcp-bridge] INFO: [nia] 12 tools registered
2026-02-16T18:35:48.403Z [mcp-bridge] INFO: [firecrawl] 8 tools registered
2026-02-16T18:35:48.403Z [mcp-bridge] INFO: Total: 33 tools from 7 servers
2026-02-16T18:35:48.407Z [mcp-bridge] INFO: [exa] 7 tools registered
2026-02-16T18:35:48.407Z [mcp-bridge] INFO: [deepwiki] 2 tools registered
2026-02-16T18:35:48.407Z [mcp-bridge] INFO: [context7] 2 tools registered
2026-02-16T18:35:48.407Z [mcp-bridge] INFO: [effect-docs] 2 tools registered
2026-02-16T18:35:48.408Z [mcp-bridge] INFO: [nia] 12 tools registered
2026-02-16T18:35:48.408Z [mcp-bridge] INFO: [firecrawl] 8 tools registered
2026-02-16T18:35:48.408Z [mcp-bridge] INFO: Total: 33 tools from 7 servers
2026-02-17T00:51:24.669Z [eisenhower] INFO: extension:loaded
2026-02-17T00:51:24.811Z [mcp-bridge] INFO: [exa] 7 tools registered
2026-02-17T00:51:24.812Z [mcp-bridge] INFO: [deepwiki] 2 tools registered
2026-02-17T00:51:24.812Z [mcp-bridge] INFO: [context7] 2 tools registered
2026-02-17T00:51:24.812Z [mcp-bridge] INFO: [effect-docs] 2 tools registered
2026-02-17T00:51:24.812Z [mcp-bridge] INFO: [nia] 12 tools registered
2026-02-17T00:51:24.812Z [mcp-bridge] INFO: [firecrawl] 8 tools registered
2026-02-17T00:51:24.812Z [mcp-bridge] INFO: Total: 33 tools from 7 servers
2026-02-17T00:51:24.876Z [eisenhower] INFO: extension:loaded
2026-02-17T00:51:24.952Z [mcp-bridge] INFO: [exa] 7 tools registered
2026-02-17T00:51:24.952Z [mcp-bridge] INFO: [deepwiki] 2 tools registered
2026-02-17T00:51:24.952Z [mcp-bridge] INFO: [context7] 2 tools registered
2026-02-17T00:51:24.952Z [mcp-bridge] INFO: [effect-docs] 2 tools registered
2026-02-17T00:51:24.953Z [mcp-bridge] INFO: [nia] 12 tools registered
2026-02-17T00:51:24.953Z [mcp-bridge] INFO: [firecrawl] 8 tools registered
2026-02-17T00:51:24.953Z [mcp-bridge] INFO: Total: 33 tools from 7 servers
2026-02-17T00:51:52.867Z [mcp-bridge] INFO: Refreshing tool cache in background...
2026-02-17T00:51:52.867Z [mcp-bridge] INFO: Running tool discovery for 7 servers...
2026-02-17T00:51:52.868Z [mcp-bridge] INFO: Refreshing tool cache in background...
2026-02-17T00:51:52.868Z [mcp-bridge] INFO: Running tool discovery for 7 servers...
2026-02-17T00:53:22.926Z [mcp-bridge] ERROR: Discovery failed: — spawnSync /bin/sh ETIMEDOUT
2026-02-17T00:53:22.926Z [mcp-bridge] ERROR: Discovery failed: — spawnSync /bin/sh ETIMEDOUT
2026-02-17T00:57:11.335Z [eisenhower] INFO: extension:loaded
2026-02-17T00:57:11.420Z [mcp-bridge] INFO: [exa] 7 tools registered
2026-02-17T00:57:11.421Z [mcp-bridge] INFO: [deepwiki] 2 tools registered
2026-02-17T00:57:11.421Z [mcp-bridge] INFO: [context7] 2 tools registered
2026-02-17T00:57:11.421Z [mcp-bridge] INFO: [effect-docs] 2 tools registered
2026-02-17T00:57:11.421Z [mcp-bridge] INFO: [nia] 12 tools registered
2026-02-17T00:57:11.421Z [mcp-bridge] INFO: [firecrawl] 8 tools registered
2026-02-17T00:57:11.421Z [mcp-bridge] INFO: Total: 33 tools from 7 servers
2026-02-17T00:57:12.103Z [mcp-bridge] INFO: Refreshing tool cache in background...
2026-02-17T00:57:12.103Z [mcp-bridge] INFO: Running tool discovery for 7 servers...
2026-02-17T00:57:44.428Z [mcp-bridge] INFO: Cache written: 7 servers
2026-02-17T00:57:44.428Z [mcp-bridge] INFO: Cache written: 7 servers
2026-02-17T02:49:06.698Z [eisenhower] INFO: extension:loaded
2026-02-17T02:49:06.836Z [mcp-bridge] INFO: [exa] 7 tools registered
2026-02-17T02:49:06.836Z [mcp-bridge] INFO: [deepwiki] 2 tools registered
2026-02-17T02:49:06.836Z [mcp-bridge] INFO: [context7] 2 tools registered
2026-02-17T02:49:06.836Z [mcp-bridge] INFO: [effect-docs] 2 tools registered
2026-02-17T02:49:06.837Z [mcp-bridge] INFO: [nia] 12 tools registered
2026-02-17T02:49:06.837Z [mcp-bridge] INFO: [firecrawl] 8 tools registered
2026-02-17T02:49:06.837Z [mcp-bridge] INFO: Total: 33 tools from 7 servers
2026-02-17T02:49:15.487Z [mcp-bridge] INFO: Refreshing tool cache in background...
2026-02-17T02:49:15.488Z [mcp-bridge] INFO: Running tool discovery for 7 servers...
2026-02-17T02:49:34.596Z [mcp-bridge] INFO: Cache written: 7 servers
2026-02-17T02:49:34.596Z [mcp-bridge] INFO: Cache written: 7 servers
2026-02-17T02:53:25.382Z [eisenhower] INFO: extension:loaded
2026-02-17T02:53:25.479Z [mcp-bridge] INFO: [exa] 7 tools registered
2026-02-17T02:53:25.479Z [mcp-bridge] INFO: [deepwiki] 2 tools registered
2026-02-17T02:53:25.479Z [mcp-bridge] INFO: [context7] 2 tools registered
2026-02-17T02:53:25.479Z [mcp-bridge] INFO: [effect-docs] 2 tools registered
2026-02-17T02:53:25.480Z [mcp-bridge] INFO: [nia] 12 tools registered
2026-02-17T02:53:25.480Z [mcp-bridge] INFO: [firecrawl] 8 tools registered
2026-02-17T02:53:25.480Z [mcp-bridge] INFO: Total: 33 tools from 7 servers
2026-02-17T17:41:07.769Z [eisenhower] INFO: extension:loaded
2026-02-17T17:41:07.770Z [eisenhower] INFO: extension:loaded
2026-02-17T17:41:07.890Z [mcp-bridge] INFO: [exa] 7 tools registered
2026-02-17T17:41:07.890Z [mcp-bridge] INFO: [exa] 7 tools registered
2026-02-17T17:41:07.890Z [mcp-bridge] INFO: [deepwiki] 2 tools registered
2026-02-17T17:41:07.890Z [mcp-bridge] INFO: [deepwiki] 2 tools registered
2026-02-17T17:41:07.890Z [mcp-bridge] INFO: [context7] 2 tools registered
2026-02-17T17:41:07.890Z [mcp-bridge] INFO: [context7] 2 tools registered
2026-02-17T17:41:07.890Z [mcp-bridge] INFO: [effect-docs] 2 tools registered
2026-02-17T17:41:07.890Z [mcp-bridge] INFO: [effect-docs] 2 tools registered
2026-02-17T17:41:07.890Z [mcp-bridge] INFO: [nia] 12 tools registered
2026-02-17T17:41:07.890Z [mcp-bridge] INFO: [nia] 12 tools registered
2026-02-17T17:41:07.891Z [mcp-bridge] INFO: [firecrawl] 8 tools registered
2026-02-17T17:41:07.891Z [mcp-bridge] INFO: Total: 33 tools from 7 servers
2026-02-17T17:41:07.891Z [mcp-bridge] INFO: [firecrawl] 8 tools registered
2026-02-17T17:41:07.891Z [mcp-bridge] INFO: Total: 33 tools from 7 servers
2026-02-17T17:41:09.396Z [mcp-bridge] INFO: Refreshing tool cache in background...
2026-02-17T17:41:09.396Z [mcp-bridge] INFO: Running tool discovery for 7 servers...
2026-02-17T17:41:09.400Z [mcp-bridge] INFO: Refreshing tool cache in background...
2026-02-17T17:41:09.400Z [mcp-bridge] INFO: Running tool discovery for 7 servers...
2026-02-17T17:41:32.045Z [mcp-bridge] INFO: Cache written: 7 servers
2026-02-17T17:41:32.046Z [mcp-bridge] INFO: Cache written: 7 servers
2026-02-17T17:41:32.242Z [mcp-bridge] INFO: Cache written: 7 servers
2026-02-17T17:41:32.242Z [mcp-bridge] INFO: Cache written: 7 servers
2026-02-17T18:01:38.444Z [eisenhower] INFO: extension:loaded
2026-02-17T18:01:38.535Z [mcp-bridge] INFO: [exa] 7 tools registered
2026-02-17T18:01:38.535Z [mcp-bridge] INFO: [deepwiki] 2 tools registered
2026-02-17T18:01:38.535Z [mcp-bridge] INFO: [context7] 2 tools registered
2026-02-17T18:01:38.535Z [mcp-bridge] INFO: [effect-docs] 2 tools registered
2026-02-17T18:01:38.535Z [mcp-bridge] INFO: [anime-js] 5 tools registered
2026-02-17T18:01:38.536Z [mcp-bridge] INFO: [firecrawl] 12 tools registered
2026-02-17T18:01:38.536Z [mcp-bridge] INFO: Total: 30 tools from 7 servers
2026-02-17T18:19:23.037Z [eisenhower] INFO: extension:loaded
2026-02-17T18:19:23.077Z [mcp-bridge] INFO: [exa] 7 tools registered
2026-02-17T18:19:23.078Z [mcp-bridge] INFO: [deepwiki] 2 tools registered
2026-02-17T18:19:23.078Z [mcp-bridge] INFO: [context7] 2 tools registered
2026-02-17T18:19:23.078Z [mcp-bridge] INFO: [effect-docs] 2 tools registered
2026-02-17T18:19:23.078Z [mcp-bridge] INFO: [anime-js] 5 tools registered
2026-02-17T18:19:23.078Z [mcp-bridge] INFO: [firecrawl] 12 tools registered
2026-02-17T18:19:23.078Z [mcp-bridge] INFO: Total: 30 tools from 7 servers
2026-02-17T18:26:11.268Z [eisenhower] INFO: extension:loaded
2026-02-17T18:26:11.370Z [mcp-bridge] INFO: [exa] 7 tools registered
2026-02-17T18:26:11.370Z [mcp-bridge] INFO: [deepwiki] 2 tools registered
2026-02-17T18:26:11.370Z [mcp-bridge] INFO: [context7] 2 tools registered
2026-02-17T18:26:11.370Z [mcp-bridge] INFO: [effect-docs] 2 tools registered
2026-02-17T18:26:11.371Z [mcp-bridge] INFO: [anime-js] 5 tools registered
2026-02-17T18:26:11.371Z [mcp-bridge] INFO: [firecrawl] 12 tools registered
2026-02-17T18:26:11.371Z [mcp-bridge] INFO: Total: 30 tools from 7 servers
2026-02-17T18:27:28.124Z [eisenhower] INFO: extension:loaded
2026-02-17T18:27:28.221Z [mcp-bridge] INFO: [exa] 7 tools registered
2026-02-17T18:27:28.221Z [mcp-bridge] INFO: [deepwiki] 2 tools registered
2026-02-17T18:27:28.221Z [mcp-bridge] INFO: [context7] 2 tools registered
2026-02-17T18:27:28.221Z [mcp-bridge] INFO: [effect-docs] 2 tools registered
2026-02-17T18:27:28.222Z [mcp-bridge] INFO: [anime-js] 5 tools registered
2026-02-17T18:27:28.222Z [mcp-bridge] INFO: [firecrawl] 12 tools registered
2026-02-17T18:27:28.222Z [mcp-bridge] INFO: Total: 30 tools from 7 servers
2026-02-17T18:31:04.134Z [eisenhower] INFO: extension:loaded
2026-02-17T18:31:04.238Z [mcp-bridge] INFO: [exa] 7 tools registered
2026-02-17T18:31:04.238Z [mcp-bridge] INFO: [deepwiki] 2 tools registered
2026-02-17T18:31:04.238Z [mcp-bridge] INFO: [context7] 2 tools registered
2026-02-17T18:31:04.238Z [mcp-bridge] INFO: [effect-docs] 2 tools registered
2026-02-17T18:31:04.238Z [mcp-bridge] INFO: [anime-js] 5 tools registered
2026-02-17T18:31:04.239Z [mcp-bridge] INFO: [firecrawl] 12 tools registered
2026-02-17T18:31:04.239Z [mcp-bridge] INFO: Total: 30 tools from 7 servers
2026-02-17T18:31:05.001Z [mcp-bridge] INFO: Running tool discovery for 8 servers...
2026-02-17T18:31:25.488Z [mcp-bridge] INFO: Cache written: 8 servers
2026-02-17T18:34:23.480Z [eisenhower] INFO: extension:loaded
2026-02-17T18:34:23.632Z [mcp-bridge] INFO: [exa] 7 tools registered
2026-02-17T18:34:23.632Z [mcp-bridge] INFO: [deepwiki] 2 tools registered
2026-02-17T18:34:23.633Z [mcp-bridge] INFO: [context7] 2 tools registered
2026-02-17T18:34:23.633Z [mcp-bridge] INFO: [effect-docs] 2 tools registered
2026-02-17T18:34:23.633Z [mcp-bridge] INFO: [anime-js] 5 tools registered
2026-02-17T18:34:23.633Z [mcp-bridge] INFO: [firecrawl] 12 tools registered
2026-02-17T18:34:23.633Z [mcp-bridge] INFO: [agentation] 9 tools registered
2026-02-17T18:34:23.633Z [mcp-bridge] INFO: Total: 39 tools from 8 servers
2026-02-17T18:34:24.378Z [mcp-bridge] INFO: Refreshing tool cache in background (session start)...
2026-02-17T18:34:24.378Z [mcp-bridge] INFO: Running tool discovery for 8 servers...
2026-02-17T18:34:33.608Z [mcp-bridge] INFO: Cache written: 8 servers
2026-02-17T18:49:34.946Z [eisenhower] INFO: extension:loaded
2026-02-17T18:49:35.128Z [mcp-bridge] INFO: [exa] 7 tools registered
2026-02-17T18:49:35.128Z [mcp-bridge] INFO: [deepwiki] 2 tools registered
2026-02-17T18:49:35.128Z [mcp-bridge] INFO: [context7] 2 tools registered
2026-02-17T18:49:35.128Z [mcp-bridge] INFO: [effect-docs] 2 tools registered
2026-02-17T18:49:35.128Z [mcp-bridge] INFO: [anime-js] 5 tools registered
2026-02-17T18:49:35.129Z [mcp-bridge] INFO: [nia] 12 tools registered
2026-02-17T18:49:35.129Z [mcp-bridge] INFO: [firecrawl] 12 tools registered
2026-02-17T18:49:35.129Z [mcp-bridge] INFO: [agentation] 9 tools registered
2026-02-17T18:49:35.129Z [mcp-bridge] INFO: Total: 51 tools from 8 servers
2026-02-17T18:49:35.898Z [mcp-bridge] INFO: Running tool discovery for 8 servers...
2026-02-17T18:49:53.125Z [mcp-bridge] INFO: Cache written: 8 servers
2026-02-17T18:49:53.127Z [mcp-bridge] INFO: [refresh/session_start] +0 ~0 -0 | live applied=0 failed=0
2026-02-17T18:50:04.163Z [eisenhower] INFO: extension:loaded
2026-02-17T18:50:04.272Z [mcp-bridge] INFO: [exa] 7 tools registered
2026-02-17T18:50:04.272Z [mcp-bridge] INFO: [deepwiki] 2 tools registered
2026-02-17T18:50:04.272Z [mcp-bridge] INFO: [context7] 2 tools registered
2026-02-17T18:50:04.272Z [mcp-bridge] INFO: [effect-docs] 2 tools registered
2026-02-17T18:50:04.272Z [mcp-bridge] INFO: [anime-js] 5 tools registered
2026-02-17T18:50:04.272Z [mcp-bridge] INFO: [nia] 12 tools registered
2026-02-17T18:50:04.273Z [mcp-bridge] INFO: [firecrawl] 12 tools registered
2026-02-17T18:50:04.273Z [mcp-bridge] INFO: [agentation] 9 tools registered
2026-02-17T18:50:04.273Z [mcp-bridge] INFO: Total: 51 tools from 8 servers
2026-02-17T18:50:05.029Z [mcp-bridge] INFO: Running tool discovery for 8 servers...
2026-02-17T18:50:18.343Z [mcp-bridge] INFO: Cache written: 8 servers
2026-02-17T18:50:18.345Z [mcp-bridge] INFO: [refresh/session_start] +0 ~0 -0 | live applied=0 failed=0
2026-02-17T18:51:04.150Z [eisenhower] INFO: extension:loaded
2026-02-17T18:51:04.258Z [mcp-bridge] INFO: [exa] 7 tools registered
2026-02-17T18:51:04.258Z [mcp-bridge] INFO: [deepwiki] 2 tools registered
2026-02-17T18:51:04.258Z [mcp-bridge] INFO: [context7] 2 tools registered
2026-02-17T18:51:04.258Z [mcp-bridge] INFO: [effect-docs] 2 tools registered
2026-02-17T18:51:04.258Z [mcp-bridge] INFO: [anime-js] 5 tools registered
2026-02-17T18:51:04.259Z [mcp-bridge] INFO: [nia] 12 tools registered
2026-02-17T18:51:04.259Z [mcp-bridge] INFO: [firecrawl] 12 tools registered
2026-02-17T18:51:04.259Z [mcp-bridge] INFO: [agentation] 9 tools registered
2026-02-17T18:51:04.259Z [mcp-bridge] INFO: Total: 51 tools from 8 servers
2026-02-17T18:51:39.025Z [eisenhower] INFO: extension:loaded
2026-02-17T18:51:39.132Z [mcp-bridge] INFO: [exa] 7 tools registered
2026-02-17T18:51:39.132Z [mcp-bridge] INFO: [deepwiki] 2 tools registered
2026-02-17T18:51:39.132Z [mcp-bridge] INFO: [context7] 2 tools registered
2026-02-17T18:51:39.133Z [mcp-bridge] INFO: [effect-docs] 2 tools registered
2026-02-17T18:51:39.133Z [mcp-bridge] INFO: [anime-js] 5 tools registered
2026-02-17T18:51:39.133Z [mcp-bridge] INFO: [nia] 12 tools registered
2026-02-17T18:51:39.134Z [mcp-bridge] INFO: [firecrawl] 12 tools registered
2026-02-17T18:51:39.134Z [mcp-bridge] INFO: [agentation] 9 tools registered
2026-02-17T18:51:39.134Z [mcp-bridge] INFO: Total: 51 tools from 8 servers
2026-02-17T18:51:47.864Z [eisenhower] INFO: extension:loaded
2026-02-17T18:51:47.961Z [mcp-bridge] INFO: [exa] 7 tools registered
2026-02-17T18:51:47.961Z [mcp-bridge] INFO: [deepwiki] 2 tools registered
2026-02-17T18:51:47.962Z [mcp-bridge] INFO: [context7] 2 tools registered
2026-02-17T18:51:47.962Z [mcp-bridge] INFO: [effect-docs] 2 tools registered
2026-02-17T18:51:47.962Z [mcp-bridge] INFO: [anime-js] 5 tools registered
2026-02-17T18:51:47.962Z [mcp-bridge] INFO: [nia] 12 tools registered
2026-02-17T18:51:47.963Z [mcp-bridge] INFO: [firecrawl] 12 tools registered
2026-02-17T18:51:47.963Z [mcp-bridge] INFO: [agentation] 9 tools registered
2026-02-17T18:51:47.963Z [mcp-bridge] INFO: Total: 51 tools from 8 servers
2026-02-17T18:51:48.697Z [mcp-bridge] INFO: Running tool discovery for 8 servers...
2026-02-17T18:51:56.503Z [mcp-bridge] INFO: Cache written: 8 servers
2026-02-17T18:51:56.505Z [mcp-bridge] INFO: [refresh/session_start] +0 ~0 -0 | live applied=0 failed=0
2026-02-17T18:52:04.508Z [eisenhower] INFO: extension:loaded
2026-02-17T18:52:04.609Z [mcp-bridge] INFO: [exa] 7 tools registered
2026-02-17T18:52:04.609Z [mcp-bridge] INFO: [deepwiki] 2 tools registered
2026-02-17T18:52:04.609Z [mcp-bridge] INFO: [context7] 2 tools registered
2026-02-17T18:52:04.609Z [mcp-bridge] INFO: [effect-docs] 2 tools registered
2026-02-17T18:52:04.609Z [mcp-bridge] INFO: [anime-js] 5 tools registered
2026-02-17T18:52:04.610Z [mcp-bridge] INFO: [nia] 12 tools registered
2026-02-17T18:52:04.610Z [mcp-bridge] INFO: [firecrawl] 12 tools registered
2026-02-17T18:52:04.610Z [mcp-bridge] INFO: [agentation] 9 tools registered
2026-02-17T18:52:04.610Z [mcp-bridge] INFO: Total: 51 tools from 8 servers
2026-02-17T18:52:05.391Z [mcp-bridge] INFO: Running tool discovery for 8 servers...
2026-02-17T18:52:15.544Z [mcp-bridge] INFO: Cache written: 8 servers
2026-02-17T18:52:15.545Z [mcp-bridge] INFO: [refresh/session_start] +0 ~0 -0 | live applied=0 failed=0
2026-02-17T18:52:15.547Z [mcp-bridge] INFO: Running tool discovery for 8 servers...
2026-02-17T18:52:40.623Z [mcp-bridge] INFO: Cache written: 8 servers
2026-02-17T18:52:40.633Z [mcp-bridge] INFO: [refresh/manual] +0 ~0 -12 | live applied=12 failed=0
2026-02-17T18:52:53.807Z [eisenhower] INFO: extension:loaded
2026-02-17T18:52:53.905Z [mcp-bridge] INFO: [exa] 7 tools registered
2026-02-17T18:52:53.905Z [mcp-bridge] INFO: [deepwiki] 2 tools registered
2026-02-17T18:52:53.905Z [mcp-bridge] INFO: [context7] 2 tools registered
2026-02-17T18:52:53.906Z [mcp-bridge] INFO: [effect-docs] 2 tools registered
2026-02-17T18:52:53.906Z [mcp-bridge] INFO: [anime-js] 5 tools registered
2026-02-17T18:52:53.906Z [mcp-bridge] INFO: [firecrawl] 12 tools registered
2026-02-17T18:52:53.906Z [mcp-bridge] INFO: [agentation] 9 tools registered
2026-02-17T18:52:53.906Z [mcp-bridge] INFO: Total: 39 tools from 8 servers
2026-02-17T18:52:54.690Z [mcp-bridge] INFO: Running tool discovery for 8 servers...
2026-02-17T18:53:14.601Z [mcp-bridge] INFO: Cache written: 8 servers
2026-02-17T18:53:14.602Z [mcp-bridge] INFO: [refresh/session_start] +0 ~0 -0 | live applied=0 failed=0
2026-02-17T18:53:14.602Z [mcp-bridge] INFO: Running tool discovery for 8 servers...
2026-02-17T18:53:38.122Z [mcp-bridge] INFO: Cache written: 8 servers
2026-02-17T18:53:38.123Z [mcp-bridge] INFO: [refresh/manual] +0 ~0 -0 | live applied=0 failed=0
2026-02-17T19:01:02.873Z [eisenhower] INFO: extension:loaded
2026-02-17T19:01:03.025Z [mcp-bridge] INFO: [exa] 7 tools registered
2026-02-17T19:01:03.025Z [mcp-bridge] INFO: [deepwiki] 2 tools registered
2026-02-17T19:01:03.026Z [mcp-bridge] INFO: [context7] 2 tools registered
2026-02-17T19:01:03.026Z [mcp-bridge] INFO: [effect-docs] 2 tools registered
2026-02-17T19:01:03.026Z [mcp-bridge] INFO: [anime-js] 5 tools registered
2026-02-17T19:01:03.026Z [mcp-bridge] INFO: [firecrawl] 12 tools registered
2026-02-17T19:01:03.026Z [mcp-bridge] INFO: [agentation] 9 tools registered
2026-02-17T19:01:03.026Z [mcp-bridge] INFO: Total: 39 tools from 8 servers
2026-02-17T19:01:06.342Z [mcp-bridge] INFO: Running tool discovery for 8 servers...
2026-02-17T19:01:14.086Z [mcp-bridge] INFO: Cache written: 8 servers
2026-02-17T19:01:14.103Z [mcp-bridge] INFO: [refresh/session_start] +12 ~0 -0 | live applied=12 queued=0 skipped=0 failed=0
2026-02-17T19:01:14.104Z [mcp-bridge] INFO: Running tool discovery for 8 servers...
2026-02-17T19:01:25.140Z [mcp-bridge] INFO: Cache written: 8 servers
2026-02-17T19:01:25.152Z [mcp-bridge] INFO: [refresh/manual] +0 ~0 -12 | live applied=12 queued=0 skipped=0 failed=0
2026-02-17T19:01:47.232Z [eisenhower] INFO: extension:loaded
2026-02-17T19:01:47.340Z [mcp-bridge] INFO: [exa] 7 tools registered
2026-02-17T19:01:47.340Z [mcp-bridge] INFO: [deepwiki] 2 tools registered
2026-02-17T19:01:47.340Z [mcp-bridge] INFO: [context7] 2 tools registered
2026-02-17T19:01:47.340Z [mcp-bridge] INFO: [effect-docs] 2 tools registered
2026-02-17T19:01:47.340Z [mcp-bridge] INFO: [anime-js] 5 tools registered
2026-02-17T19:01:47.340Z [mcp-bridge] INFO: [firecrawl] 12 tools registered
2026-02-17T19:01:47.341Z [mcp-bridge] INFO: [agentation] 9 tools registered
2026-02-17T19:01:47.341Z [mcp-bridge] INFO: Total: 39 tools from 8 servers
2026-02-17T19:01:48.147Z [mcp-bridge] INFO: Running tool discovery for 8 servers...
2026-02-17T19:01:59.519Z [mcp-bridge] INFO: Cache written: 8 servers
2026-02-17T19:01:59.520Z [mcp-bridge] INFO: [refresh/session_start] +0 ~0 -0 | live applied=0 queued=0 skipped=0 failed=0
2026-02-17T19:01:59.522Z [mcp-bridge] INFO: Running tool discovery for 8 servers...
2026-02-17T19:02:06.567Z [mcp-bridge] INFO: Cache written: 8 servers
2026-02-17T19:02:06.580Z [mcp-bridge] INFO: [refresh/manual] +12 ~0 -0 | live applied=12 queued=0 skipped=0 failed=0
2026-02-17T19:04:40.175Z [eisenhower] INFO: extension:loaded
2026-02-17T19:04:40.274Z [mcp-bridge] INFO: [exa] 7 tools registered
2026-02-17T19:04:40.274Z [mcp-bridge] INFO: [deepwiki] 2 tools registered
2026-02-17T19:04:40.274Z [mcp-bridge] INFO: [context7] 2 tools registered
2026-02-17T19:04:40.274Z [mcp-bridge] INFO: [effect-docs] 2 tools registered
2026-02-17T19:04:40.274Z [mcp-bridge] INFO: [anime-js] 5 tools registered
2026-02-17T19:04:40.275Z [mcp-bridge] INFO: [nia] 12 tools registered
2026-02-17T19:04:40.275Z [mcp-bridge] INFO: [firecrawl] 12 tools registered
2026-02-17T19:04:40.275Z [mcp-bridge] INFO: [agentation] 9 tools registered
2026-02-17T19:04:40.275Z [mcp-bridge] INFO: Total: 51 tools from 8 servers
2026-02-17T19:04:41.095Z [mcp-bridge] INFO: Running tool discovery for 8 servers...
2026-02-17T19:04:52.187Z [mcp-bridge] INFO: Cache written: 8 servers
2026-02-17T19:04:52.198Z [mcp-bridge] INFO: [refresh/session_start] +0 ~0 -12 | live applied=12 queued=0 skipped=0 failed=0
2026-02-17T19:09:24.470Z [mcp-bridge] INFO: [exa] 7 tools registered
2026-02-17T19:09:24.471Z [mcp-bridge] INFO: [deepwiki] 2 tools registered
2026-02-17T19:09:24.471Z [mcp-bridge] INFO: [context7] 2 tools registered
2026-02-17T19:09:24.471Z [mcp-bridge] INFO: [effect-docs] 2 tools registered
2026-02-17T19:09:24.471Z [mcp-bridge] INFO: [anime-js] 5 tools registered
2026-02-17T19:09:24.471Z [mcp-bridge] INFO: [agentation] 9 tools registered
2026-02-17T19:09:24.471Z [mcp-bridge] INFO: Total: 39 tools from 8 servers
2026-02-17T19:09:24.498Z [mcp-bridge] INFO: Running tool discovery for 7 servers...
2026-02-17T19:09:44.456Z [mcp-bridge] INFO: Cache written: 7 servers
2026-02-17T19:09:44.457Z [mcp-bridge] INFO: [refresh/session_start] +0 ~0 -12 | live applied=0 queued=0 skipped=0 failed=0
2026-02-17T19:12:12.657Z [mcp-bridge] INFO: Running tool discovery for 7 servers...
2026-02-17T19:12:32.441Z [mcp-bridge] INFO: Cache written: 7 servers
2026-02-17T19:12:32.442Z [mcp-bridge] INFO: [refresh/manual] +0 ~0 -0 | live applied=0 queued=0 skipped=0 failed=0
2026-02-17T19:13:34.376Z [mcp-bridge] INFO: [exa] 7 tools registered
2026-02-17T19:13:34.376Z [mcp-bridge] INFO: [deepwiki] 2 tools registered
2026-02-17T19:13:34.376Z [mcp-bridge] INFO: [context7] 2 tools registered
2026-02-17T19:13:34.377Z [mcp-bridge] INFO: [effect-docs] 2 tools registered
2026-02-17T19:13:34.377Z [mcp-bridge] INFO: [anime-js] 5 tools registered
2026-02-17T19:13:34.377Z [mcp-bridge] INFO: [agentation] 9 tools registered
2026-02-17T19:13:34.377Z [mcp-bridge] INFO: Total: 27 tools from 7 servers
2026-02-17T19:13:34.401Z [mcp-bridge] INFO: Running tool discovery for 8 servers...
2026-02-17T19:13:41.214Z [mcp-bridge] INFO: Cache written: 8 servers
2026-02-17T19:13:41.230Z [mcp-bridge] INFO: [refresh/session_start] +24 ~0 -0 | live applied=24 queued=0 skipped=0 failed=0
2026-02-17T19:16:14.984Z [mcp-bridge] INFO: Running tool discovery for 7 servers...
2026-02-17T19:16:23.117Z [mcp-bridge] INFO: Cache written: 7 servers
2026-02-17T19:16:23.124Z [mcp-bridge] INFO: [refresh/manual] +0 ~0 -12 | live applied=0 queued=0 skipped=0 failed=0
2026-02-17T19:19:03.019Z [mcp-bridge] INFO: [exa] 7 tools registered
2026-02-17T19:19:03.019Z [mcp-bridge] INFO: [deepwiki] 2 tools registered
2026-02-17T19:19:03.019Z [mcp-bridge] INFO: [context7] 2 tools registered
2026-02-17T19:19:03.019Z [mcp-bridge] INFO: [effect-docs] 2 tools registered
2026-02-17T19:19:03.019Z [mcp-bridge] INFO: [anime-js] 5 tools registered
2026-02-17T19:19:03.020Z [mcp-bridge] INFO: [nia] 12 tools registered
2026-02-17T19:19:03.020Z [mcp-bridge] INFO: [agentation] 9 tools registered
2026-02-17T19:19:03.020Z [mcp-bridge] INFO: Total: 39 tools from 7 servers
2026-02-17T19:19:03.044Z [mcp-bridge] INFO: Running tool discovery for 8 servers...
2026-02-17T19:19:10.734Z [mcp-bridge] INFO: Cache written: 8 servers
2026-02-17T19:19:10.743Z [mcp-bridge] INFO: [refresh/session_start] +12 ~0 -0 | live applied=12 queued=0 skipped=0 failed=0
2026-02-17T19:19:18.093Z [mcp-bridge] INFO: [probe] addTool call idle=false result={"queued":true,"applied":false,"reason":"Queued during streaming"}
2026-02-17T19:20:30.052Z [mcp-bridge] INFO: [probe] post-flush exists=false
2026-02-17T19:21:33.946Z [mcp-bridge] INFO: [exa] 7 tools registered
2026-02-17T19:21:33.947Z [mcp-bridge] INFO: [deepwiki] 2 tools registered
2026-02-17T19:21:33.947Z [mcp-bridge] INFO: [context7] 2 tools registered
2026-02-17T19:21:33.947Z [mcp-bridge] INFO: [effect-docs] 2 tools registered
2026-02-17T19:21:33.947Z [mcp-bridge] INFO: [anime-js] 5 tools registered
2026-02-17T19:21:33.947Z [mcp-bridge] INFO: [nia] 12 tools registered
2026-02-17T19:21:33.948Z [mcp-bridge] INFO: [firecrawl] 12 tools registered
2026-02-17T19:21:33.948Z [mcp-bridge] INFO: [agentation] 9 tools registered
2026-02-17T19:21:33.948Z [mcp-bridge] INFO: Total: 51 tools from 8 servers
2026-02-17T19:21:33.972Z [mcp-bridge] INFO: Running tool discovery for 8 servers...
2026-02-17T19:21:54.243Z [mcp-bridge] INFO: Cache written: 8 servers
2026-02-17T19:21:54.251Z [mcp-bridge] INFO: [refresh/session_start] +0 ~0 -12 | live applied=12 queued=0 skipped=0 failed=0
2026-02-17T19:22:23.442Z [mcp-bridge] INFO: [probe] addTool call idle=false result={"queued":true,"applied":false,"reason":"Queued during streaming"}
2026-02-17T19:23:29.695Z [mcp-bridge] INFO: [probe] post-flush phase=turn_end exists=false
2026-02-17T19:23:29.696Z [mcp-bridge] INFO: [probe] post-flush phase=agent_end exists=true
2026-02-17T19:23:29.697Z [mcp-bridge] INFO: [probe] cleanup remove result={"queued":false,"applied":true,"op":"remove","name":"mcp_probe_queue_tool"}
2026-02-17T20:27:17.446Z [eisenhower] INFO: run_strict:start actor=Val
2026-02-17T20:27:17.447Z [eisenhower] DEBUG: eisenhower_create_run:start
2026-02-17T20:27:17.458Z [eisenhower] INFO: eisenhower_create_run:ok
2026-02-17T20:27:17.459Z [eisenhower] DEBUG: eisenhower_compile_plan:start
2026-02-17T20:27:17.463Z [eisenhower] INFO: eisenhower_compile_plan:ok
2026-02-17T20:27:17.463Z [eisenhower] DEBUG: eisenhower_run_validation:start
2026-02-17T20:27:17.470Z [eisenhower] INFO: eisenhower_run_validation:ok
2026-02-17T20:27:17.470Z [eisenhower] DEBUG: eisenhower_draft_verdict:start
2026-02-17T20:27:17.477Z [eisenhower] INFO: eisenhower_draft_verdict:ok
2026-02-17T20:27:17.477Z [eisenhower] DEBUG: eisenhower_ratify_phase1:start
2026-02-17T20:27:17.480Z [eisenhower] INFO: eisenhower_ratify_phase1:ok
2026-02-17T20:27:17.480Z [eisenhower] DEBUG: eisenhower_ratify_phase2:start
2026-02-17T20:27:17.487Z [eisenhower] INFO: eisenhower_ratify_phase2:ok
2026-02-17T20:27:17.487Z [eisenhower] DEBUG: eisenhower_replay:start
2026-02-17T20:27:17.491Z [eisenhower] INFO: eisenhower_replay:ok
2026-02-17T20:27:17.491Z [eisenhower] INFO: run_strict:complete runId=run-ed04cdd6-b6ca-45ae-861b-da67c398ce8f winner=A replay=passed strict=0 tolerant=0
2026-02-17T23:03:07.355Z [eisenhower] INFO: extension:loaded
2026-02-17T23:03:07.473Z [mcp-bridge] INFO: [exa] 7 tools registered
2026-02-17T23:03:07.473Z [mcp-bridge] INFO: [deepwiki] 2 tools registered
2026-02-17T23:03:07.473Z [mcp-bridge] INFO: [context7] 2 tools registered
2026-02-17T23:03:07.473Z [mcp-bridge] INFO: [effect-docs] 2 tools registered
2026-02-17T23:03:07.473Z [mcp-bridge] INFO: [anime-js] 5 tools registered
2026-02-17T23:03:07.473Z [mcp-bridge] INFO: [firecrawl] 12 tools registered
2026-02-17T23:03:07.473Z [mcp-bridge] INFO: [agentation] 9 tools registered
2026-02-17T23:03:07.474Z [mcp-bridge] INFO: Total: 39 tools from 8 servers
2026-02-17T23:03:07.654Z [mcp-bridge] INFO: Running tool discovery for 8 servers...
2026-02-17T23:03:16.963Z [mcp-bridge] INFO: Cache written: 8 servers
2026-02-17T23:03:16.967Z [mcp-bridge] INFO: [refresh/session_start] +12 ~0 -0 | live apply unsupported (requires runtime mutation API)
2026-02-18T06:02:01.367Z [eisenhower] INFO: extension:loaded
2026-02-18T06:02:01.528Z [mcp-bridge] INFO: [exa] 7 tools registered
2026-02-18T06:02:01.528Z [mcp-bridge] INFO: [deepwiki] 2 tools registered
2026-02-18T06:02:01.528Z [mcp-bridge] INFO: [context7] 2 tools registered
2026-02-18T06:02:01.529Z [mcp-bridge] INFO: [effect-docs] 2 tools registered
2026-02-18T06:02:01.529Z [mcp-bridge] INFO: [anime-js] 5 tools registered
2026-02-18T06:02:01.529Z [mcp-bridge] INFO: [nia] 12 tools registered
2026-02-18T06:02:01.529Z [mcp-bridge] INFO: [firecrawl] 12 tools registered
2026-02-18T06:02:01.530Z [mcp-bridge] INFO: [agentation] 9 tools registered
2026-02-18T06:02:01.530Z [mcp-bridge] INFO: Total: 51 tools from 8 servers
2026-02-18T06:02:24.353Z [mcp-bridge] INFO: Running tool discovery for 8 servers...
2026-02-18T06:02:34.033Z [mcp-bridge] INFO: Cache written: 8 servers
2026-02-18T06:02:34.036Z [mcp-bridge] INFO: [refresh/session_start] +0 ~0 -0 | live applied=0 queued=0 skipped=0 failed=0
2026-02-18T15:30:55.119Z [eisenhower] INFO: extension:loaded
2026-02-18T15:30:55.266Z [mcp-bridge] INFO: [exa] 7 tools registered
2026-02-18T15:30:55.266Z [mcp-bridge] INFO: [deepwiki] 2 tools registered
2026-02-18T15:30:55.266Z [mcp-bridge] INFO: [context7] 2 tools registered
2026-02-18T15:30:55.266Z [mcp-bridge] INFO: [effect-docs] 2 tools registered
2026-02-18T15:30:55.266Z [mcp-bridge] INFO: [anime-js] 5 tools registered
2026-02-18T15:30:55.267Z [mcp-bridge] INFO: [nia] 12 tools registered
2026-02-18T15:30:55.267Z [mcp-bridge] INFO: [firecrawl] 12 tools registered
2026-02-18T15:30:55.267Z [mcp-bridge] INFO: [agentation] 9 tools registered
2026-02-18T15:30:55.267Z [mcp-bridge] INFO: Total: 51 tools from 8 servers
2026-02-18T15:30:56.352Z [mcp-bridge] INFO: Running tool discovery for 8 servers...
2026-02-18T15:31:39.499Z [mcp-bridge] INFO: Cache written: 8 servers
2026-02-18T15:31:39.501Z [mcp-bridge] INFO: [refresh/session_start] +0 ~0 -2 | live applied=2 queued=0 skipped=0 failed=0
2026-02-18T15:31:45.169Z [eisenhower] INFO: extension:loaded
2026-02-18T15:31:45.261Z [mcp-bridge] INFO: [exa] 7 tools registered
2026-02-18T15:31:45.261Z [mcp-bridge] INFO: [context7] 2 tools registered
2026-02-18T15:31:45.261Z [mcp-bridge] INFO: [effect-docs] 2 tools registered
2026-02-18T15:31:45.261Z [mcp-bridge] INFO: [anime-js] 5 tools registered
2026-02-18T15:31:45.262Z [mcp-bridge] INFO: [nia] 12 tools registered
2026-02-18T15:31:45.262Z [mcp-bridge] INFO: [firecrawl] 12 tools registered
2026-02-18T15:31:45.262Z [mcp-bridge] INFO: [agentation] 9 tools registered
2026-02-18T15:31:45.262Z [mcp-bridge] INFO: Total: 49 tools from 8 servers
2026-02-18T15:31:45.923Z [mcp-bridge] INFO: Running tool discovery for 8 servers...
2026-02-18T15:31:56.619Z [eisenhower] INFO: extension:loaded
2026-02-18T15:31:56.709Z [mcp-bridge] INFO: [exa] 7 tools registered
2026-02-18T15:31:56.709Z [mcp-bridge] INFO: [context7] 2 tools registered
2026-02-18T15:31:56.709Z [mcp-bridge] INFO: [effect-docs] 2 tools registered
2026-02-18T15:31:56.709Z [mcp-bridge] INFO: [anime-js] 5 tools registered
2026-02-18T15:31:56.710Z [mcp-bridge] INFO: [nia] 12 tools registered
2026-02-18T15:31:56.710Z [mcp-bridge] INFO: [firecrawl] 12 tools registered
2026-02-18T15:31:56.710Z [mcp-bridge] INFO: [agentation] 9 tools registered
2026-02-18T15:31:56.710Z [mcp-bridge] INFO: Total: 49 tools from 8 servers
2026-02-18T15:31:57.367Z [mcp-bridge] INFO: Running tool discovery for 8 servers...
2026-02-18T15:31:58.392Z [mcp-bridge] INFO: Cache written: 8 servers
2026-02-18T15:31:58.397Z [mcp-bridge] INFO: [refresh/session_start] +2 ~0 -12 | live applied=14 queued=0 skipped=0 failed=0
2026-02-18T15:32:05.067Z [mcp-bridge] INFO: Cache written: 8 servers
2026-02-18T15:32:05.068Z [mcp-bridge] INFO: [refresh/session_start] +2 ~0 -0 | live applied=2 queued=0 skipped=0 failed=0
2026-02-18T16:28:32.471Z [eisenhower] INFO: extension:loaded
2026-02-18T16:28:32.567Z [mcp-bridge] INFO: [exa] 7 tools registered
2026-02-18T16:28:32.567Z [mcp-bridge] INFO: [deepwiki] 2 tools registered
2026-02-18T16:28:32.567Z [mcp-bridge] INFO: [context7] 2 tools registered
2026-02-18T16:28:32.567Z [mcp-bridge] INFO: [effect-docs] 2 tools registered
2026-02-18T16:28:32.568Z [mcp-bridge] INFO: [anime-js] 5 tools registered
2026-02-18T16:28:32.568Z [mcp-bridge] INFO: [nia] 12 tools registered
2026-02-18T16:28:32.569Z [mcp-bridge] INFO: [firecrawl] 12 tools registered
2026-02-18T16:28:32.569Z [mcp-bridge] INFO: [agentation] 9 tools registered
2026-02-18T16:28:32.569Z [mcp-bridge] INFO: Total: 51 tools from 8 servers
2026-02-18T16:28:33.373Z [mcp-bridge] INFO: Running tool discovery for 8 servers...
2026-02-18T16:28:39.359Z [mcp-bridge] INFO: Cache written: 8 servers
2026-02-18T16:28:39.360Z [mcp-bridge] INFO: [refresh/session_start] +0 ~0 -0 | live applied=0 queued=0 skipped=0 failed=0
2026-02-18T17:28:35.077Z [eisenhower] INFO: extension:loaded
2026-02-18T17:28:35.079Z [eisenhower] INFO: extension:loaded
2026-02-18T17:28:35.206Z [mcp-bridge] INFO: [exa] 7 tools registered
2026-02-18T17:28:35.206Z [mcp-bridge] INFO: [deepwiki] 2 tools registered
2026-02-18T17:28:35.206Z [mcp-bridge] INFO: [context7] 2 tools registered
2026-02-18T17:28:35.206Z [mcp-bridge] INFO: [effect-docs] 2 tools registered
2026-02-18T17:28:35.206Z [mcp-bridge] INFO: [anime-js] 5 tools registered
2026-02-18T17:28:35.207Z [mcp-bridge] INFO: [nia] 12 tools registered
2026-02-18T17:28:35.207Z [mcp-bridge] INFO: [firecrawl] 12 tools registered
2026-02-18T17:28:35.207Z [mcp-bridge] INFO: [agentation] 9 tools registered
2026-02-18T17:28:35.207Z [mcp-bridge] INFO: Total: 51 tools from 8 servers
2026-02-18T17:28:35.225Z [mcp-bridge] INFO: [exa] 7 tools registered
2026-02-18T17:28:35.225Z [mcp-bridge] INFO: [deepwiki] 2 tools registered
2026-02-18T17:28:35.225Z [mcp-bridge] INFO: [context7] 2 tools registered
2026-02-18T17:28:35.226Z [mcp-bridge] INFO: [effect-docs] 2 tools registered
2026-02-18T17:28:35.226Z [mcp-bridge] INFO: [anime-js] 5 tools registered
2026-02-18T17:28:35.226Z [mcp-bridge] INFO: [nia] 12 tools registered
2026-02-18T17:28:35.226Z [mcp-bridge] INFO: [firecrawl] 12 tools registered
2026-02-18T17:28:35.226Z [mcp-bridge] INFO: [agentation] 9 tools registered
2026-02-18T17:28:35.227Z [mcp-bridge] INFO: Total: 51 tools from 8 servers
2026-02-18T17:28:38.926Z [eisenhower] INFO: extension:loaded
2026-02-18T17:28:39.020Z [mcp-bridge] INFO: [exa] 7 tools registered
2026-02-18T17:28:39.020Z [mcp-bridge] INFO: [deepwiki] 2 tools registered
2026-02-18T17:28:39.020Z [mcp-bridge] INFO: [context7] 2 tools registered
2026-02-18T17:28:39.020Z [mcp-bridge] INFO: [effect-docs] 2 tools registered
2026-02-18T17:28:39.020Z [mcp-bridge] INFO: [anime-js] 5 tools registered
2026-02-18T17:28:39.021Z [mcp-bridge] INFO: [nia] 12 tools registered
2026-02-18T17:28:39.021Z [mcp-bridge] INFO: [firecrawl] 12 tools registered
2026-02-18T17:28:39.021Z [mcp-bridge] INFO: [agentation] 9 tools registered
2026-02-18T17:28:39.021Z [mcp-bridge] INFO: Total: 51 tools from 8 servers
2026-02-18T17:29:06.149Z [mcp-bridge] INFO: Running tool discovery for 8 servers...
2026-02-18T17:29:06.149Z [mcp-bridge] INFO: Running tool discovery for 8 servers...
2026-02-18T17:29:06.152Z [mcp-bridge] INFO: Running tool discovery for 8 servers...
2026-02-18T17:29:37.073Z [mcp-bridge] INFO: Cache written: 8 servers
2026-02-18T17:29:37.075Z [mcp-bridge] INFO: Cache written: 8 servers
2026-02-18T17:29:37.076Z [mcp-bridge] INFO: [refresh/session_start] +0 ~0 -7 | live applied=7 queued=0 skipped=0 failed=0
2026-02-18T17:29:37.078Z [mcp-bridge] INFO: [refresh/session_start] +0 ~0 -7 | live applied=7 queued=0 skipped=0 failed=0
2026-02-18T17:29:40.316Z [mcp-bridge] INFO: Cache written: 8 servers
2026-02-18T17:29:40.319Z [mcp-bridge] INFO: [refresh/session_start] +0 ~0 -7 | live applied=7 queued=0 skipped=0 failed=0
2026-02-18T18:33:08.664Z [eisenhower] INFO: extension:loaded
2026-02-18T18:33:08.768Z [mcp-bridge] INFO: [exa] 7 tools registered
2026-02-18T18:33:08.768Z [mcp-bridge] INFO: [context7] 2 tools registered
2026-02-18T18:33:08.768Z [mcp-bridge] INFO: [effect-docs] 2 tools registered
2026-02-18T18:33:08.768Z [mcp-bridge] INFO: [nia] 12 tools registered
2026-02-18T18:33:08.769Z [mcp-bridge] INFO: [firecrawl] 12 tools registered
2026-02-18T18:33:08.769Z [mcp-bridge] INFO: [agentation] 9 tools registered
2026-02-18T18:33:08.769Z [mcp-bridge] INFO: Total: 44 tools from 8 servers
2026-02-18T18:33:09.538Z [mcp-bridge] INFO: Running tool discovery for 8 servers...
2026-02-18T18:33:37.760Z [mcp-bridge] INFO: Cache written: 8 servers
2026-02-18T18:33:37.767Z [mcp-bridge] INFO: [refresh/session_start] +7 ~0 -12 | live applied=19 queued=0 skipped=0 failed=0
2026-02-18T20:53:14.800Z [eisenhower] INFO: extension:loaded
2026-02-18T20:53:14.939Z [mcp-bridge] INFO: [exa] 7 tools registered
2026-02-18T20:53:14.939Z [mcp-bridge] INFO: [deepwiki] 2 tools registered
2026-02-18T20:53:14.939Z [mcp-bridge] INFO: [context7] 2 tools registered
2026-02-18T20:53:14.939Z [mcp-bridge] INFO: [effect-docs] 2 tools registered
2026-02-18T20:53:14.939Z [mcp-bridge] INFO: [anime-js] 5 tools registered
2026-02-18T20:53:14.939Z [mcp-bridge] INFO: [firecrawl] 12 tools registered
2026-02-18T20:53:14.940Z [mcp-bridge] INFO: [agentation] 9 tools registered
2026-02-18T20:53:14.940Z [mcp-bridge] INFO: Total: 39 tools from 8 servers
2026-02-18T20:53:19.787Z [mcp-bridge] INFO: Running tool discovery for 8 servers...
2026-02-18T20:54:49.796Z [mcp-bridge] ERROR: Discovery failed: — spawnSync /bin/sh ETIMEDOUT
2026-02-18T20:54:49.806Z [mcp-bridge] INFO: [refresh/session_start] +0 ~0 -39 | live applied=39 queued=0 skipped=0 failed=0
2026-02-19T00:08:22.008Z [eisenhower] INFO: extension:loaded
2026-02-19T00:08:23.432Z [mcp-bridge] INFO: [exa] 7 tools registered
2026-02-19T00:08:23.432Z [mcp-bridge] INFO: [deepwiki] 2 tools registered
2026-02-19T00:08:23.432Z [mcp-bridge] INFO: [context7] 2 tools registered
2026-02-19T00:08:23.433Z [mcp-bridge] INFO: [effect-docs] 2 tools registered
2026-02-19T00:08:23.433Z [mcp-bridge] INFO: [anime-js] 5 tools registered
2026-02-19T00:08:23.433Z [mcp-bridge] INFO: [firecrawl] 12 tools registered
2026-02-19T00:08:23.433Z [mcp-bridge] INFO: [agentation] 9 tools registered
2026-02-19T00:08:23.433Z [mcp-bridge] INFO: Total: 39 tools from 8 servers
2026-02-19T00:08:34.980Z [mcp-bridge] INFO: Running tool discovery for 8 servers...
2026-02-19T00:09:18.532Z [mcp-bridge] INFO: Cache written: 8 servers
2026-02-19T00:09:18.535Z [mcp-bridge] INFO: [refresh/session_start] +0 ~0 -2 | live applied=2 queued=0 skipped=0 failed=0
2026-02-19T02:01:06.994Z [eisenhower] INFO: extension:loaded
2026-02-19T02:01:06.995Z [eisenhower] INFO: extension:loaded
2026-02-19T02:01:08.875Z [eisenhower] INFO: extension:loaded
2026-02-19T02:01:40.073Z [mcp-bridge] INFO: [exa] 7 tools registered
2026-02-19T02:01:40.073Z [mcp-bridge] INFO: [exa] 7 tools registered
2026-02-19T02:01:40.073Z [mcp-bridge] INFO: [context7] 2 tools registered
2026-02-19T02:01:40.073Z [mcp-bridge] INFO: [effect-docs] 2 tools registered
2026-02-19T02:01:40.073Z [mcp-bridge] INFO: [context7] 2 tools registered
2026-02-19T02:01:40.073Z [mcp-bridge] INFO: [anime-js] 5 tools registered
2026-02-19T02:01:40.073Z [mcp-bridge] INFO: [effect-docs] 2 tools registered
2026-02-19T02:01:40.073Z [mcp-bridge] INFO: [anime-js] 5 tools registered
2026-02-19T02:01:40.073Z [mcp-bridge] INFO: [firecrawl] 12 tools registered
2026-02-19T02:01:40.074Z [mcp-bridge] INFO: [firecrawl] 12 tools registered
2026-02-19T02:01:40.074Z [mcp-bridge] INFO: [agentation] 9 tools registered
2026-02-19T02:01:40.074Z [mcp-bridge] INFO: [agentation] 9 tools registered
2026-02-19T02:01:40.074Z [mcp-bridge] INFO: Total: 37 tools from 8 servers
2026-02-19T02:01:40.074Z [mcp-bridge] INFO: Total: 37 tools from 8 servers
2026-02-19T02:01:40.074Z [mcp-bridge] INFO: [exa] 7 tools registered
2026-02-19T02:01:40.074Z [mcp-bridge] INFO: [context7] 2 tools registered
2026-02-19T02:01:40.074Z [mcp-bridge] INFO: [effect-docs] 2 tools registered
2026-02-19T02:01:40.074Z [mcp-bridge] INFO: [anime-js] 5 tools registered
2026-02-19T02:01:40.075Z [mcp-bridge] INFO: [firecrawl] 12 tools registered
2026-02-19T02:01:40.075Z [mcp-bridge] INFO: [agentation] 9 tools registered
2026-02-19T02:01:40.075Z [mcp-bridge] INFO: Total: 37 tools from 8 servers
2026-02-19T02:01:41.407Z [mcp-bridge] INFO: Running tool discovery for 8 servers...
2026-02-19T02:01:41.410Z [mcp-bridge] INFO: Running tool discovery for 8 servers...
2026-02-19T02:01:41.410Z [mcp-bridge] INFO: Running tool discovery for 8 servers...
2026-02-19T02:02:09.454Z [mcp-bridge] INFO: Cache written: 8 servers
2026-02-19T02:02:09.455Z [mcp-bridge] INFO: Cache written: 8 servers
2026-02-19T02:02:09.461Z [mcp-bridge] INFO: Cache written: 8 servers
2026-02-19T02:02:09.475Z [mcp-bridge] INFO: [refresh/session_start] +14 ~0 -26 | live applied=40 queued=0 skipped=0 failed=0
2026-02-19T02:02:09.486Z [mcp-bridge] INFO: [refresh/session_start] +14 ~0 -17 | live applied=31 queued=0 skipped=0 failed=0
2026-02-19T02:02:09.502Z [mcp-bridge] INFO: [refresh/session_start] +14 ~0 -17 | live applied=31 queued=0 skipped=0 failed=0
2026-02-19T02:49:16.443Z [eisenhower] INFO: extension:loaded
2026-02-19T02:49:16.464Z [eisenhower] INFO: extension:loaded
2026-02-19T02:49:16.471Z [eisenhower] INFO: extension:loaded
2026-02-19T02:49:16.642Z [mcp-bridge] INFO: [exa] 7 tools registered
2026-02-19T02:49:16.642Z [mcp-bridge] INFO: [deepwiki] 2 tools registered
2026-02-19T02:49:16.642Z [mcp-bridge] INFO: [exa] 7 tools registered
2026-02-19T02:49:16.643Z [mcp-bridge] INFO: [context7] 2 tools registered
2026-02-19T02:49:16.643Z [mcp-bridge] INFO: [deepwiki] 2 tools registered
2026-02-19T02:49:16.643Z [mcp-bridge] INFO: [effect-docs] 2 tools registered
2026-02-19T02:49:16.643Z [mcp-bridge] INFO: [context7] 2 tools registered
2026-02-19T02:49:16.643Z [mcp-bridge] INFO: [effect-docs] 2 tools registered
2026-02-19T02:49:16.644Z [mcp-bridge] INFO: [nia] 12 tools registered
2026-02-19T02:49:16.644Z [mcp-bridge] INFO: [nia] 12 tools registered
2026-02-19T02:49:16.644Z [mcp-bridge] INFO: [exa] 7 tools registered
2026-02-19T02:49:16.644Z [mcp-bridge] INFO: Total: 25 tools from 8 servers
2026-02-19T02:49:16.644Z [mcp-bridge] INFO: Total: 25 tools from 8 servers
2026-02-19T02:49:16.644Z [mcp-bridge] INFO: [deepwiki] 2 tools registered
2026-02-19T02:49:16.644Z [mcp-bridge] INFO: [context7] 2 tools registered
2026-02-19T02:49:16.645Z [mcp-bridge] INFO: [effect-docs] 2 tools registered
2026-02-19T02:49:16.645Z [mcp-bridge] INFO: [nia] 12 tools registered
2026-02-19T02:49:16.646Z [mcp-bridge] INFO: Total: 25 tools from 8 servers
2026-02-19T02:49:17.951Z [mcp-bridge] INFO: Running tool discovery for 8 servers...
2026-02-19T02:49:17.951Z [mcp-bridge] INFO: Running tool discovery for 8 servers...
2026-02-19T02:49:17.952Z [mcp-bridge] INFO: Running tool discovery for 8 servers...
2026-02-19T02:49:24.957Z [mcp-bridge] INFO: Cache written: 8 servers
2026-02-19T02:49:24.961Z [mcp-bridge] INFO: [refresh/session_start] +5 ~0 -0 | live applied=5 queued=0 skipped=0 failed=0
2026-02-19T02:49:25.047Z [mcp-bridge] INFO: Cache written: 8 servers
2026-02-19T02:49:25.050Z [mcp-bridge] INFO: [refresh/session_start] +5 ~0 -0 | live applied=5 queued=0 skipped=0 failed=0
2026-02-19T02:49:27.237Z [mcp-bridge] INFO: Cache written: 8 servers
2026-02-19T02:49:27.241Z [mcp-bridge] INFO: [refresh/session_start] +14 ~0 -0 | live applied=14 queued=0 skipped=0 failed=0
2026-02-19T03:31:27.541Z [eisenhower] INFO: extension:loaded
2026-02-19T03:31:27.541Z [eisenhower] INFO: extension:loaded
2026-02-19T03:31:27.541Z [eisenhower] INFO: extension:loaded
2026-02-19T03:31:27.735Z [mcp-bridge] INFO: [exa] 7 tools registered
2026-02-19T03:31:27.735Z [mcp-bridge] INFO: [deepwiki] 2 tools registered
2026-02-19T03:31:27.735Z [mcp-bridge] INFO: [context7] 2 tools registered
2026-02-19T03:31:27.735Z [mcp-bridge] INFO: [effect-docs] 2 tools registered
2026-02-19T03:31:27.735Z [mcp-bridge] INFO: [anime-js] 5 tools registered
2026-02-19T03:31:27.736Z [mcp-bridge] INFO: [nia] 12 tools registered
2026-02-19T03:31:27.736Z [mcp-bridge] INFO: [agentation] 9 tools registered
2026-02-19T03:31:27.736Z [mcp-bridge] INFO: Total: 39 tools from 8 servers
2026-02-19T03:31:27.737Z [mcp-bridge] INFO: [exa] 7 tools registered
2026-02-19T03:31:27.737Z [mcp-bridge] INFO: [deepwiki] 2 tools registered
2026-02-19T03:31:27.737Z [mcp-bridge] INFO: [context7] 2 tools registered
2026-02-19T03:31:27.737Z [mcp-bridge] INFO: [effect-docs] 2 tools registered
2026-02-19T03:31:27.737Z [mcp-bridge] INFO: [anime-js] 5 tools registered
2026-02-19T03:31:27.738Z [mcp-bridge] INFO: [nia] 12 tools registered
2026-02-19T03:31:27.738Z [mcp-bridge] INFO: [agentation] 9 tools registered
2026-02-19T03:31:27.738Z [mcp-bridge] INFO: Total: 39 tools from 8 servers
2026-02-19T03:31:27.742Z [mcp-bridge] INFO: [exa] 7 tools registered
2026-02-19T03:31:27.742Z [mcp-bridge] INFO: [deepwiki] 2 tools registered
2026-02-19T03:31:27.743Z [mcp-bridge] INFO: [context7] 2 tools registered
2026-02-19T03:31:27.743Z [mcp-bridge] INFO: [effect-docs] 2 tools registered
2026-02-19T03:31:27.743Z [mcp-bridge] INFO: [anime-js] 5 tools registered
2026-02-19T03:31:27.743Z [mcp-bridge] INFO: [nia] 12 tools registered
2026-02-19T03:31:27.744Z [mcp-bridge] INFO: [agentation] 9 tools registered
2026-02-19T03:31:27.744Z [mcp-bridge] INFO: Total: 39 tools from 8 servers
2026-02-19T03:31:28.889Z [mcp-bridge] INFO: Running tool discovery for 8 servers...
2026-02-19T03:31:28.889Z [mcp-bridge] INFO: Running tool discovery for 8 servers...
2026-02-19T03:31:28.894Z [mcp-bridge] INFO: Running tool discovery for 8 servers...
2026-02-19T03:31:49.570Z [mcp-bridge] INFO: Cache written: 8 servers
2026-02-19T03:31:49.590Z [mcp-bridge] INFO: [refresh/session_start] +12 ~0 -14 | live applied=26 queued=0 skipped=0 failed=0
2026-02-19T03:31:49.593Z [mcp-bridge] INFO: Cache written: 8 servers
2026-02-19T03:31:49.600Z [mcp-bridge] INFO: [refresh/session_start] +12 ~0 -5 | live applied=17 queued=0 skipped=0 failed=0
2026-02-19T03:31:51.590Z [mcp-bridge] INFO: Cache written: 8 servers
2026-02-19T03:31:51.595Z [mcp-bridge] INFO: [refresh/session_start] +12 ~0 -0 | live applied=12 queued=0 skipped=0 failed=0
2026-02-19T10:01:07.343Z [eisenhower] INFO: extension:loaded
2026-02-19T10:01:07.343Z [eisenhower] INFO: extension:loaded
2026-02-19T10:01:07.344Z [eisenhower] INFO: extension:loaded
2026-02-19T10:01:07.504Z [mcp-bridge] INFO: [exa] 7 tools registered
2026-02-19T10:01:07.504Z [mcp-bridge] INFO: [deepwiki] 2 tools registered
2026-02-19T10:01:07.504Z [mcp-bridge] INFO: [context7] 2 tools registered
2026-02-19T10:01:07.504Z [mcp-bridge] INFO: [effect-docs] 2 tools registered
2026-02-19T10:01:07.505Z [mcp-bridge] INFO: [anime-js] 5 tools registered
2026-02-19T10:01:07.505Z [mcp-bridge] INFO: [nia] 12 tools registered
2026-02-19T10:01:07.505Z [mcp-bridge] INFO: [firecrawl] 12 tools registered
2026-02-19T10:01:07.506Z [mcp-bridge] INFO: [agentation] 9 tools registered
2026-02-19T10:01:07.506Z [mcp-bridge] INFO: [exa] 7 tools registered
2026-02-19T10:01:07.506Z [mcp-bridge] INFO: Total: 51 tools from 8 servers
2026-02-19T10:01:07.506Z [mcp-bridge] INFO: [deepwiki] 2 tools registered
2026-02-19T10:01:07.506Z [mcp-bridge] INFO: [context7] 2 tools registered
2026-02-19T10:01:07.506Z [mcp-bridge] INFO: [effect-docs] 2 tools registered
2026-02-19T10:01:07.506Z [mcp-bridge] INFO: [exa] 7 tools registered
2026-02-19T10:01:07.506Z [mcp-bridge] INFO: [anime-js] 5 tools registered
2026-02-19T10:01:07.506Z [mcp-bridge] INFO: [deepwiki] 2 tools registered
2026-02-19T10:01:07.507Z [mcp-bridge] INFO: [context7] 2 tools registered
2026-02-19T10:01:07.507Z [mcp-bridge] INFO: [effect-docs] 2 tools registered
2026-02-19T10:01:07.507Z [mcp-bridge] INFO: [anime-js] 5 tools registered
2026-02-19T10:01:07.507Z [mcp-bridge] INFO: [nia] 12 tools registered
2026-02-19T10:01:07.507Z [mcp-bridge] INFO: [firecrawl] 12 tools registered
2026-02-19T10:01:07.507Z [mcp-bridge] INFO: [agentation] 9 tools registered
2026-02-19T10:01:07.507Z [mcp-bridge] INFO: [nia] 12 tools registered
2026-02-19T10:01:07.508Z [mcp-bridge] INFO: Total: 51 tools from 8 servers
2026-02-19T10:01:07.508Z [mcp-bridge] INFO: [firecrawl] 12 tools registered
2026-02-19T10:01:07.508Z [mcp-bridge] INFO: [agentation] 9 tools registered
2026-02-19T10:01:07.508Z [mcp-bridge] INFO: Total: 51 tools from 8 servers
2026-02-19T10:01:08.683Z [mcp-bridge] INFO: Running tool discovery for 8 servers...
2026-02-19T10:01:08.687Z [mcp-bridge] INFO: Running tool discovery for 8 servers...
2026-02-19T10:01:08.689Z [mcp-bridge] INFO: Running tool discovery for 8 servers...
2026-02-19T10:01:15.112Z [mcp-bridge] INFO: Cache written: 8 servers
2026-02-19T10:01:15.119Z [mcp-bridge] INFO: [refresh/session_start] +0 ~2 -21 | live applied=23 queued=0 skipped=0 failed=0
2026-02-19T10:01:15.258Z [mcp-bridge] INFO: Cache written: 8 servers
2026-02-19T10:01:15.267Z [mcp-bridge] INFO: [refresh/session_start] +0 ~2 -21 | live applied=23 queued=0 skipped=0 failed=0
2026-02-19T10:01:17.475Z [mcp-bridge] INFO: Cache written: 8 servers
2026-02-19T10:01:17.478Z [mcp-bridge] INFO: [refresh/session_start] +0 ~2 -0 | live applied=2 queued=0 skipped=0 failed=0
2026-02-19T15:39:45.463Z [eisenhower] INFO: extension:loaded
2026-02-19T15:39:48.312Z [mcp-bridge] INFO: [exa] 7 tools registered
2026-02-19T15:39:48.312Z [mcp-bridge] INFO: [deepwiki] 2 tools registered
2026-02-19T15:39:48.312Z [mcp-bridge] INFO: [context7] 2 tools registered
2026-02-19T15:39:48.313Z [mcp-bridge] INFO: [effect-docs] 2 tools registered
2026-02-19T15:39:48.313Z [mcp-bridge] INFO: [anime-js] 5 tools registered
2026-02-19T15:39:48.313Z [mcp-bridge] INFO: [nia] 12 tools registered
2026-02-19T15:39:48.313Z [mcp-bridge] INFO: [firecrawl] 12 tools registered
2026-02-19T15:39:48.313Z [mcp-bridge] INFO: [agentation] 9 tools registered
2026-02-19T15:39:48.313Z [mcp-bridge] INFO: Total: 51 tools from 8 servers
2026-02-19T15:39:53.768Z [eisenhower] INFO: extension:loaded
2026-02-19T15:39:53.859Z [mcp-bridge] INFO: [exa] 7 tools registered
2026-02-19T15:39:53.859Z [mcp-bridge] INFO: [deepwiki] 2 tools registered
2026-02-19T15:39:53.859Z [mcp-bridge] INFO: [context7] 2 tools registered
2026-02-19T15:39:53.859Z [mcp-bridge] INFO: [effect-docs] 2 tools registered
2026-02-19T15:39:53.859Z [mcp-bridge] INFO: [anime-js] 5 tools registered
2026-02-19T15:39:53.860Z [mcp-bridge] INFO: [nia] 12 tools registered
2026-02-19T15:39:53.860Z [mcp-bridge] INFO: [firecrawl] 12 tools registered
2026-02-19T15:39:53.860Z [mcp-bridge] INFO: [agentation] 9 tools registered
2026-02-19T15:39:53.860Z [mcp-bridge] INFO: Total: 51 tools from 8 servers
2026-02-19T15:40:11.590Z [mcp-bridge] INFO: Running tool discovery for 8 servers...
2026-02-19T15:40:11.593Z [mcp-bridge] INFO: Running tool discovery for 8 servers...
2026-02-19T15:40:20.632Z [mcp-bridge] INFO: Cache written: 8 servers
2026-02-19T15:40:20.633Z [mcp-bridge] INFO: [refresh/session_start] +0 ~0 -0 | live applied=0 queued=0 skipped=0 failed=0
2026-02-19T15:40:26.047Z [mcp-bridge] INFO: Cache written: 8 servers
2026-02-19T15:40:26.049Z [mcp-bridge] INFO: [refresh/session_start] +0 ~0 -5 | live applied=5 queued=0 skipped=0 failed=0
2026-02-19T16:19:26.522Z [eisenhower] INFO: extension:loaded
2026-02-19T16:19:26.725Z [mcp-bridge] INFO: [exa] 7 tools registered
2026-02-19T16:19:26.725Z [mcp-bridge] INFO: [deepwiki] 2 tools registered
2026-02-19T16:19:26.726Z [mcp-bridge] INFO: [context7] 2 tools registered
2026-02-19T16:19:26.726Z [mcp-bridge] INFO: [effect-docs] 2 tools registered
2026-02-19T16:19:26.727Z [mcp-bridge] INFO: [nia] 12 tools registered
2026-02-19T16:19:26.727Z [mcp-bridge] INFO: [firecrawl] 12 tools registered
2026-02-19T16:19:26.728Z [mcp-bridge] INFO: [agentation] 9 tools registered
2026-02-19T16:19:26.728Z [mcp-bridge] INFO: Total: 46 tools from 8 servers
2026-02-19T16:19:28.459Z [mcp-bridge] INFO: Running tool discovery for 8 servers...
2026-02-19T16:19:52.682Z [mcp-bridge] INFO: Cache written: 8 servers
2026-02-19T16:19:52.698Z [mcp-bridge] INFO: [refresh/session_start] +5 ~0 -12 | live applied=17 queued=0 skipped=0 failed=0
2026-02-19T18:05:43.395Z [eisenhower] INFO: extension:loaded
2026-02-19T18:05:43.719Z [mcp-bridge] INFO: [exa] 7 tools registered
2026-02-19T18:05:43.720Z [mcp-bridge] INFO: [deepwiki] 2 tools registered
2026-02-19T18:05:43.720Z [mcp-bridge] INFO: [context7] 2 tools registered
2026-02-19T18:05:43.720Z [mcp-bridge] INFO: [effect-docs] 2 tools registered
2026-02-19T18:05:43.720Z [mcp-bridge] INFO: [anime-js] 5 tools registered
2026-02-19T18:05:43.721Z [mcp-bridge] INFO: [firecrawl] 12 tools registered
2026-02-19T18:05:43.721Z [mcp-bridge] INFO: [agentation] 9 tools registered
2026-02-19T18:05:43.722Z [mcp-bridge] INFO: Total: 39 tools from 8 servers
2026-02-19T18:05:46.802Z [mcp-bridge] INFO: Running tool discovery for 8 servers...
2026-02-19T18:06:16.833Z [mcp-bridge] INFO: Cache written: 8 servers
2026-02-19T18:06:16.840Z [mcp-bridge] INFO: [refresh/session_start] +0 ~0 -5 | live applied=5 queued=0 skipped=0 failed=0
2026-02-19T18:16:07.401Z [mcp-bridge] INFO: Running tool discovery for 8 servers...
2026-02-19T18:16:32.946Z [mcp-bridge] INFO: Cache written: 8 servers
2026-02-19T18:16:32.987Z [mcp-bridge] INFO: [refresh/manual] +8 ~0 -2 | live applied=10 queued=0 skipped=0 failed=0
2026-02-19T18:21:13.526Z [mcp-bridge] INFO: Running tool discovery for 8 servers...
2026-02-19T18:21:52.160Z [mcp-bridge] INFO: Cache written: 8 servers
2026-02-19T18:21:52.175Z [mcp-bridge] INFO: [refresh/manual] +0 ~0 -5 | live applied=5 queued=0 skipped=0 failed=0
2026-02-19T18:41:05.612Z [eisenhower] INFO: extension:loaded
2026-02-19T18:41:05.932Z [mcp-bridge] INFO: [exa] 7 tools registered
2026-02-19T18:41:05.933Z [mcp-bridge] INFO: [deepwiki] 3 tools registered
2026-02-19T18:41:05.933Z [mcp-bridge] INFO: [context7] 2 tools registered
2026-02-19T18:41:05.934Z [mcp-bridge] INFO: [effect-docs] 2 tools registered
2026-02-19T18:41:05.934Z [mcp-bridge] INFO: [firecrawl] 12 tools registered
2026-02-19T18:41:05.935Z [mcp-bridge] INFO: [agentation] 9 tools registered
2026-02-19T18:41:05.935Z [mcp-bridge] INFO: Total: 35 tools from 8 servers
2026-02-19T18:41:08.509Z [mcp-bridge] INFO: Running tool discovery for 8 servers...
2026-02-19T18:41:34.155Z [mcp-bridge] INFO: Cache written: 8 servers
2026-02-19T18:41:34.166Z [mcp-bridge] INFO: [refresh/session_start] +5 ~0 -0 | live applied=5 queued=0 skipped=0 failed=0
2026-02-19T18:48:08.375Z [eisenhower] INFO: extension:loaded
2026-02-19T18:48:08.606Z [mcp-bridge] INFO: [exa] 7 tools registered
2026-02-19T18:48:08.606Z [mcp-bridge] INFO: [deepwiki] 3 tools registered
2026-02-19T18:48:08.607Z [mcp-bridge] INFO: [context7] 2 tools registered
2026-02-19T18:48:08.607Z [mcp-bridge] INFO: [effect-docs] 2 tools registered
2026-02-19T18:48:08.607Z [mcp-bridge] INFO: [anime-js] 5 tools registered
2026-02-19T18:48:08.607Z [mcp-bridge] INFO: [firecrawl] 12 tools registered
2026-02-19T18:48:08.608Z [mcp-bridge] INFO: [agentation] 9 tools registered
2026-02-19T18:48:08.608Z [mcp-bridge] INFO: Total: 40 tools from 8 servers
2026-02-19T18:48:10.282Z [mcp-bridge] INFO: Running tool discovery for 8 servers...
2026-02-19T18:48:31.430Z [eisenhower] INFO: extension:loaded
2026-02-19T18:48:31.653Z [mcp-bridge] INFO: [exa] 7 tools registered
2026-02-19T18:48:31.653Z [mcp-bridge] INFO: [deepwiki] 3 tools registered
2026-02-19T18:48:31.653Z [mcp-bridge] INFO: [context7] 2 tools registered
2026-02-19T18:48:31.656Z [mcp-bridge] INFO: [effect-docs] 2 tools registered
2026-02-19T18:48:31.656Z [mcp-bridge] INFO: [anime-js] 5 tools registered
2026-02-19T18:48:31.657Z [mcp-bridge] INFO: [firecrawl] 12 tools registered
2026-02-19T18:48:31.657Z [mcp-bridge] INFO: [agentation] 9 tools registered
2026-02-19T18:48:31.657Z [mcp-bridge] INFO: Total: 40 tools from 8 servers
2026-02-19T18:48:33.392Z [mcp-bridge] INFO: Running tool discovery for 8 servers...
2026-02-19T18:48:34.138Z [mcp-bridge] INFO: Cache written: 8 servers
2026-02-19T18:48:34.140Z [mcp-bridge] INFO: [refresh/session_start] +0 ~0 -0 | live applied=0 queued=0 skipped=0 failed=0
2026-02-19T18:48:42.101Z [eisenhower] INFO: extension:loaded
2026-02-19T18:48:42.321Z [mcp-bridge] INFO: [exa] 7 tools registered
2026-02-19T18:48:42.322Z [mcp-bridge] INFO: [deepwiki] 3 tools registered
2026-02-19T18:48:42.322Z [mcp-bridge] INFO: [context7] 2 tools registered
2026-02-19T18:48:42.322Z [mcp-bridge] INFO: [effect-docs] 2 tools registered
2026-02-19T18:48:42.322Z [mcp-bridge] INFO: [anime-js] 5 tools registered
2026-02-19T18:48:42.323Z [mcp-bridge] INFO: [firecrawl] 12 tools registered
2026-02-19T18:48:42.323Z [mcp-bridge] INFO: [agentation] 9 tools registered
2026-02-19T18:48:42.323Z [mcp-bridge] INFO: Total: 40 tools from 8 servers
2026-02-19T18:48:43.979Z [mcp-bridge] INFO: Running tool discovery for 8 servers...
2026-02-19T18:48:46.515Z [mcp-bridge] ERROR: Discovery failed: — Command failed: cd "/home/getbygenius/getbyzenbook/projects/gbg/assets/code/repos/gbg/packages/tmnl/.pi/extensions/mcp-bridge" && bun run _discover.ts
Resolving dependencies
Resolved, downloaded and extracted [2]
Saved lockfile
Resolving dependencies
Resolved, downloaded and extracted [2]
Saved lockfile

2026-02-19T18:48:46.551Z [mcp-bridge] INFO: [refresh/session_start] +0 ~0 -40 | live applied=40 queued=0 skipped=0 failed=0
2026-02-19T18:48:52.449Z [mcp-bridge] INFO: Cache written: 8 servers
2026-02-19T18:48:52.453Z [mcp-bridge] INFO: [refresh/session_start] +0 ~0 -0 | live applied=0 queued=0 skipped=0 failed=0
2026-02-19T18:50:08.496Z [eisenhower] INFO: extension:loaded
2026-02-19T18:50:08.706Z [eisenhower] INFO: extension:loaded
2026-02-19T18:50:08.715Z [mcp-bridge] INFO: [exa] 7 tools registered
2026-02-19T18:50:08.715Z [mcp-bridge] INFO: [deepwiki] 3 tools registered
2026-02-19T18:50:08.715Z [mcp-bridge] INFO: [context7] 2 tools registered
2026-02-19T18:50:08.731Z [mcp-bridge] INFO: [effect-docs] 2 tools registered
2026-02-19T18:50:08.732Z [mcp-bridge] INFO: [anime-js] 5 tools registered
2026-02-19T18:50:08.733Z [mcp-bridge] INFO: [firecrawl] 12 tools registered
2026-02-19T18:50:08.733Z [mcp-bridge] INFO: [agentation] 9 tools registered
2026-02-19T18:50:08.733Z [mcp-bridge] INFO: Total: 40 tools from 8 servers
2026-02-19T18:50:08.942Z [mcp-bridge] INFO: [exa] 7 tools registered
2026-02-19T18:50:08.942Z [mcp-bridge] INFO: [deepwiki] 3 tools registered
2026-02-19T18:50:08.942Z [mcp-bridge] INFO: [context7] 2 tools registered
2026-02-19T18:50:08.942Z [mcp-bridge] INFO: [effect-docs] 2 tools registered
2026-02-19T18:50:08.943Z [mcp-bridge] INFO: [anime-js] 5 tools registered
2026-02-19T18:50:08.943Z [mcp-bridge] INFO: [firecrawl] 12 tools registered
2026-02-19T18:50:08.943Z [mcp-bridge] INFO: [agentation] 9 tools registered
2026-02-19T18:50:08.944Z [mcp-bridge] INFO: Total: 40 tools from 8 servers
2026-02-19T18:50:10.352Z [mcp-bridge] INFO: Running tool discovery for 8 servers...
2026-02-19T18:50:10.569Z [mcp-bridge] INFO: Running tool discovery for 8 servers...
2026-02-19T18:50:19.197Z [mcp-bridge] INFO: Cache written: 8 servers
2026-02-19T18:50:19.199Z [mcp-bridge] INFO: [refresh/session_start] +0 ~0 -0 | live applied=0 queued=0 skipped=0 failed=0
2026-02-19T18:50:24.934Z [mcp-bridge] INFO: Cache written: 8 servers
2026-02-19T18:50:24.936Z [mcp-bridge] INFO: [refresh/session_start] +0 ~0 -0 | live applied=0 queued=0 skipped=0 failed=0
2026-02-19T19:01:31.140Z [eisenhower] INFO: extension:loaded
2026-02-19T19:01:31.219Z [eisenhower] INFO: extension:loaded
2026-02-19T19:01:31.369Z [mcp-bridge] INFO: [exa] 7 tools registered
2026-02-19T19:01:31.370Z [mcp-bridge] INFO: [deepwiki] 3 tools registered
2026-02-19T19:01:31.370Z [mcp-bridge] INFO: [context7] 2 tools registered
2026-02-19T19:01:31.370Z [mcp-bridge] INFO: [effect-docs] 2 tools registered
2026-02-19T19:01:31.371Z [mcp-bridge] INFO: [anime-js] 5 tools registered
2026-02-19T19:01:31.391Z [mcp-bridge] INFO: [firecrawl] 12 tools registered
2026-02-19T19:01:31.392Z [mcp-bridge] INFO: [agentation] 9 tools registered
2026-02-19T19:01:31.392Z [mcp-bridge] INFO: Total: 40 tools from 8 servers
2026-02-19T19:01:31.478Z [mcp-bridge] INFO: [exa] 7 tools registered
2026-02-19T19:01:31.479Z [mcp-bridge] INFO: [deepwiki] 3 tools registered
2026-02-19T19:01:31.479Z [mcp-bridge] INFO: [context7] 2 tools registered
2026-02-19T19:01:31.479Z [mcp-bridge] INFO: [effect-docs] 2 tools registered
2026-02-19T19:01:31.479Z [mcp-bridge] INFO: [anime-js] 5 tools registered
2026-02-19T19:01:31.480Z [mcp-bridge] INFO: [firecrawl] 12 tools registered
2026-02-19T19:01:31.480Z [mcp-bridge] INFO: [agentation] 9 tools registered
2026-02-19T19:01:31.481Z [mcp-bridge] INFO: Total: 40 tools from 8 servers
2026-02-19T19:01:33.065Z [mcp-bridge] INFO: Running tool discovery for 8 servers...
2026-02-19T19:01:33.126Z [mcp-bridge] INFO: Running tool discovery for 8 servers...
2026-02-19T19:01:57.074Z [mcp-bridge] INFO: Cache written: 8 servers
2026-02-19T19:01:57.076Z [mcp-bridge] INFO: [refresh/session_start] +0 ~0 -0 | live applied=0 queued=0 skipped=0 failed=0
2026-02-19T19:01:57.978Z [mcp-bridge] INFO: Cache written: 8 servers
2026-02-19T19:01:57.979Z [mcp-bridge] INFO: [refresh/session_start] +0 ~0 -0 | live applied=0 queued=0 skipped=0 failed=0
2026-02-19T19:04:30.953Z [eisenhower] INFO: extension:loaded
2026-02-19T19:04:30.989Z [eisenhower] INFO: extension:loaded
2026-02-19T19:04:31.200Z [mcp-bridge] INFO: [exa] 7 tools registered
2026-02-19T19:04:31.200Z [mcp-bridge] INFO: [deepwiki] 3 tools registered
2026-02-19T19:04:31.201Z [mcp-bridge] INFO: [context7] 2 tools registered
2026-02-19T19:04:31.201Z [mcp-bridge] INFO: [effect-docs] 2 tools registered
2026-02-19T19:04:31.201Z [mcp-bridge] INFO: [anime-js] 5 tools registered
2026-02-19T19:04:31.202Z [mcp-bridge] INFO: [firecrawl] 12 tools registered
2026-02-19T19:04:31.203Z [mcp-bridge] INFO: [agentation] 9 tools registered
2026-02-19T19:04:31.203Z [mcp-bridge] INFO: Total: 40 tools from 8 servers
2026-02-19T19:04:31.240Z [mcp-bridge] INFO: [exa] 7 tools registered
2026-02-19T19:04:31.240Z [mcp-bridge] INFO: [deepwiki] 3 tools registered
2026-02-19T19:04:31.240Z [mcp-bridge] INFO: [context7] 2 tools registered
2026-02-19T19:04:31.240Z [mcp-bridge] INFO: [effect-docs] 2 tools registered
2026-02-19T19:04:31.241Z [mcp-bridge] INFO: [anime-js] 5 tools registered
2026-02-19T19:04:31.242Z [mcp-bridge] INFO: [firecrawl] 12 tools registered
2026-02-19T19:04:31.242Z [mcp-bridge] INFO: [agentation] 9 tools registered
2026-02-19T19:04:31.242Z [mcp-bridge] INFO: Total: 40 tools from 8 servers
2026-02-19T19:04:32.926Z [mcp-bridge] INFO: Running tool discovery for 8 servers...
2026-02-19T19:04:32.968Z [mcp-bridge] INFO: Running tool discovery for 8 servers...
2026-02-19T19:04:43.016Z [mcp-bridge] INFO: Cache written: 8 servers
2026-02-19T19:04:43.030Z [mcp-bridge] INFO: [refresh/session_start] +12 ~0 -0 | live applied=12 queued=0 skipped=0 failed=0
2026-02-19T19:04:55.849Z [mcp-bridge] INFO: Cache written: 8 servers
2026-02-19T19:04:55.851Z [mcp-bridge] INFO: [refresh/session_start] +0 ~0 -0 | live applied=0 queued=0 skipped=0 failed=0
2026-02-19T19:15:44.880Z [eisenhower] INFO: extension:loaded
2026-02-19T19:15:44.960Z [mcp-bridge] INFO: [exa] 7 tools registered
2026-02-19T19:15:44.960Z [mcp-bridge] INFO: [deepwiki] 3 tools registered
2026-02-19T19:15:44.960Z [mcp-bridge] INFO: [context7] 2 tools registered
2026-02-19T19:15:44.960Z [mcp-bridge] INFO: [effect-docs] 2 tools registered
2026-02-19T19:15:44.960Z [mcp-bridge] INFO: [anime-js] 5 tools registered
2026-02-19T19:15:44.960Z [mcp-bridge] INFO: [firecrawl] 12 tools registered
2026-02-19T19:15:44.961Z [mcp-bridge] INFO: [agentation] 9 tools registered
2026-02-19T19:15:44.961Z [mcp-bridge] INFO: Total: 40 tools from 8 servers
2026-02-19T19:15:45.194Z [mcp-bridge] INFO: Running tool discovery for 8 servers...
2026-02-19T19:15:54.600Z [mcp-bridge] INFO: Cache written: 8 servers
2026-02-19T19:15:54.615Z [mcp-bridge] INFO: [refresh/session_start] +12 ~0 -0 | live applied=12 queued=0 skipped=0 failed=0
2026-02-19T22:37:02.114Z [eisenhower] INFO: extension:loaded
2026-02-19T22:37:02.429Z [mcp-bridge] INFO: [exa] 7 tools registered
2026-02-19T22:37:02.429Z [mcp-bridge] INFO: [deepwiki] 3 tools registered
2026-02-19T22:37:02.430Z [mcp-bridge] INFO: [context7] 2 tools registered
2026-02-19T22:37:02.430Z [mcp-bridge] INFO: [effect-docs] 2 tools registered
2026-02-19T22:37:02.430Z [mcp-bridge] INFO: [anime-js] 5 tools registered
2026-02-19T22:37:02.431Z [mcp-bridge] INFO: [nia] 12 tools registered
2026-02-19T22:37:02.432Z [mcp-bridge] INFO: [firecrawl] 12 tools registered
2026-02-19T22:37:02.432Z [mcp-bridge] INFO: [agentation] 9 tools registered
2026-02-19T22:37:02.432Z [mcp-bridge] INFO: Total: 52 tools from 8 servers
2026-02-19T22:37:04.479Z [mcp-bridge] INFO: Running tool discovery for 8 servers...
2026-02-19T22:37:06.861Z [eisenhower] INFO: extension:loaded
2026-02-19T22:37:07.076Z [mcp-bridge] INFO: [exa] 7 tools registered
2026-02-19T22:37:07.077Z [mcp-bridge] INFO: [deepwiki] 3 tools registered
2026-02-19T22:37:07.077Z [mcp-bridge] INFO: [context7] 2 tools registered
2026-02-19T22:37:07.077Z [mcp-bridge] INFO: [effect-docs] 2 tools registered
2026-02-19T22:37:07.078Z [mcp-bridge] INFO: [anime-js] 5 tools registered
2026-02-19T22:37:07.078Z [mcp-bridge] INFO: [nia] 12 tools registered
2026-02-19T22:37:07.079Z [mcp-bridge] INFO: [firecrawl] 12 tools registered
2026-02-19T22:37:07.079Z [mcp-bridge] INFO: [agentation] 9 tools registered
2026-02-19T22:37:07.079Z [mcp-bridge] INFO: Total: 52 tools from 8 servers
2026-02-19T22:37:08.679Z [mcp-bridge] INFO: Running tool discovery for 8 servers...
2026-02-19T22:37:16.576Z [mcp-bridge] INFO: Cache written: 8 servers
2026-02-19T22:37:16.578Z [mcp-bridge] INFO: [refresh/session_start] +0 ~0 -0 | live applied=0 queued=0 skipped=0 failed=0
2026-02-19T22:37:16.780Z [eisenhower] INFO: extension:loaded
2026-02-19T22:37:17.000Z [mcp-bridge] INFO: [exa] 7 tools registered
2026-02-19T22:37:17.001Z [mcp-bridge] INFO: [deepwiki] 3 tools registered
2026-02-19T22:37:17.001Z [mcp-bridge] INFO: [context7] 2 tools registered
2026-02-19T22:37:17.001Z [mcp-bridge] INFO: [effect-docs] 2 tools registered
2026-02-19T22:37:17.001Z [mcp-bridge] INFO: [anime-js] 5 tools registered
2026-02-19T22:37:17.002Z [mcp-bridge] INFO: [nia] 12 tools registered
2026-02-19T22:37:17.003Z [mcp-bridge] INFO: [firecrawl] 12 tools registered
2026-02-19T22:37:17.003Z [mcp-bridge] INFO: [agentation] 9 tools registered
2026-02-19T22:37:17.004Z [mcp-bridge] INFO: Total: 52 tools from 8 servers
2026-02-19T22:37:18.593Z [mcp-bridge] INFO: Running tool discovery for 8 servers...
2026-02-19T22:37:19.237Z [mcp-bridge] INFO: Cache written: 8 servers
2026-02-19T22:37:19.239Z [mcp-bridge] INFO: [refresh/session_start] +0 ~0 -0 | live applied=0 queued=0 skipped=0 failed=0
2026-02-19T22:37:29.890Z [mcp-bridge] INFO: Cache written: 8 servers
2026-02-19T22:37:29.892Z [mcp-bridge] INFO: [refresh/session_start] +0 ~0 -0 | live applied=0 queued=0 skipped=0 failed=0
2026-02-20T00:00:33.504Z [eisenhower] INFO: extension:loaded
2026-02-20T00:00:33.854Z [mcp-bridge] INFO: [exa] 7 tools registered
2026-02-20T00:00:33.855Z [mcp-bridge] INFO: [deepwiki] 3 tools registered
2026-02-20T00:00:33.855Z [mcp-bridge] INFO: [context7] 2 tools registered
2026-02-20T00:00:33.855Z [mcp-bridge] INFO: [effect-docs] 2 tools registered
2026-02-20T00:00:33.855Z [mcp-bridge] INFO: [anime-js] 5 tools registered
2026-02-20T00:00:33.857Z [mcp-bridge] INFO: [nia] 12 tools registered
2026-02-20T00:00:33.858Z [mcp-bridge] INFO: [firecrawl] 12 tools registered
2026-02-20T00:00:33.858Z [mcp-bridge] INFO: [agentation] 9 tools registered
2026-02-20T00:00:33.859Z [mcp-bridge] INFO: Total: 52 tools from 8 servers
2026-02-20T00:00:35.896Z [mcp-bridge] INFO: Running tool discovery for 8 servers...
2026-02-20T00:00:48.504Z [mcp-bridge] INFO: Cache written: 8 servers
2026-02-20T00:00:48.505Z [mcp-bridge] INFO: [refresh/session_start] +0 ~0 -0 | live applied=0 queued=0 skipped=0 failed=0
2026-02-20T00:56:47.242Z [eisenhower] INFO: extension:loaded
2026-02-20T00:56:47.537Z [mcp-bridge] INFO: [exa] 7 tools registered
2026-02-20T00:56:47.537Z [mcp-bridge] INFO: [deepwiki] 3 tools registered
2026-02-20T00:56:47.538Z [mcp-bridge] INFO: [context7] 2 tools registered
2026-02-20T00:56:47.538Z [mcp-bridge] INFO: [effect-docs] 2 tools registered
2026-02-20T00:56:47.538Z [mcp-bridge] INFO: [anime-js] 5 tools registered
2026-02-20T00:56:47.540Z [mcp-bridge] INFO: [nia] 12 tools registered
2026-02-20T00:56:47.541Z [mcp-bridge] INFO: [firecrawl] 12 tools registered
2026-02-20T00:56:47.541Z [mcp-bridge] INFO: [agentation] 9 tools registered
2026-02-20T00:56:47.542Z [mcp-bridge] INFO: Total: 52 tools from 8 servers
2026-02-20T00:56:49.567Z [mcp-bridge] INFO: Running tool discovery for 8 servers...
2026-02-20T00:57:14.702Z [mcp-bridge] INFO: Cache written: 8 servers
2026-02-20T00:57:14.719Z [mcp-bridge] INFO: [refresh/session_start] +0 ~0 -12 | live applied=12 queued=0 skipped=0 failed=0
2026-02-20T13:39:22.802Z [eisenhower] INFO: extension:loaded
2026-02-20T13:39:23.118Z [mcp-bridge] INFO: [exa] 7 tools registered
2026-02-20T13:39:23.119Z [mcp-bridge] INFO: [deepwiki] 3 tools registered
2026-02-20T13:39:23.119Z [mcp-bridge] INFO: [context7] 2 tools registered
2026-02-20T13:39:23.119Z [mcp-bridge] INFO: [effect-docs] 2 tools registered
2026-02-20T13:39:23.120Z [mcp-bridge] INFO: [anime-js] 5 tools registered
2026-02-20T13:39:23.121Z [mcp-bridge] INFO: [firecrawl] 12 tools registered
2026-02-20T13:39:23.122Z [mcp-bridge] INFO: [agentation] 9 tools registered
2026-02-20T13:39:23.122Z [mcp-bridge] INFO: Total: 40 tools from 8 servers
2026-02-20T13:39:25.205Z [mcp-bridge] INFO: Running tool discovery for 8 servers...
2026-02-20T13:39:27.730Z [eisenhower] INFO: extension:loaded
2026-02-20T13:39:27.982Z [mcp-bridge] INFO: [exa] 7 tools registered
2026-02-20T13:39:27.983Z [mcp-bridge] INFO: [deepwiki] 3 tools registered
2026-02-20T13:39:27.983Z [mcp-bridge] INFO: [context7] 2 tools registered
2026-02-20T13:39:27.983Z [mcp-bridge] INFO: [effect-docs] 2 tools registered
2026-02-20T13:39:27.984Z [mcp-bridge] INFO: [anime-js] 5 tools registered
2026-02-20T13:39:27.984Z [mcp-bridge] INFO: [firecrawl] 12 tools registered
2026-02-20T13:39:27.985Z [mcp-bridge] INFO: [agentation] 9 tools registered
2026-02-20T13:39:27.985Z [mcp-bridge] INFO: Total: 40 tools from 8 servers
2026-02-20T13:39:29.652Z [mcp-bridge] INFO: Running tool discovery for 8 servers...
2026-02-20T13:39:34.084Z [mcp-bridge] INFO: Cache written: 8 servers
2026-02-20T13:39:34.103Z [mcp-bridge] INFO: [refresh/session_start] +12 ~0 -0 | live applied=12 queued=0 skipped=0 failed=0
2026-02-20T13:39:36.011Z [eisenhower] INFO: extension:loaded
2026-02-20T13:39:36.225Z [mcp-bridge] INFO: [exa] 7 tools registered
2026-02-20T13:39:36.225Z [mcp-bridge] INFO: [deepwiki] 3 tools registered
2026-02-20T13:39:36.226Z [mcp-bridge] INFO: [context7] 2 tools registered
2026-02-20T13:39:36.226Z [mcp-bridge] INFO: [effect-docs] 2 tools registered
2026-02-20T13:39:36.226Z [mcp-bridge] INFO: [anime-js] 5 tools registered
2026-02-20T13:39:36.227Z [mcp-bridge] INFO: [nia] 12 tools registered
2026-02-20T13:39:36.228Z [mcp-bridge] INFO: [firecrawl] 12 tools registered
2026-02-20T13:39:36.228Z [mcp-bridge] INFO: [agentation] 9 tools registered
2026-02-20T13:39:36.229Z [mcp-bridge] INFO: Total: 52 tools from 8 servers
2026-02-20T13:39:37.296Z [mcp-bridge] INFO: Cache written: 8 servers
2026-02-20T13:39:37.315Z [mcp-bridge] INFO: [refresh/session_start] +12 ~0 -0 | live applied=12 queued=0 skipped=0 failed=0
2026-02-20T13:39:37.852Z [mcp-bridge] INFO: Running tool discovery for 8 servers...
2026-02-20T13:39:45.314Z [mcp-bridge] INFO: Cache written: 8 servers
2026-02-20T13:39:45.316Z [mcp-bridge] INFO: [refresh/session_start] +0 ~0 -0 | live applied=0 queued=0 skipped=0 failed=0
2026-02-20T13:41:12.885Z [eisenhower] INFO: extension:loaded
2026-02-20T13:41:13.110Z [mcp-bridge] INFO: [exa] 7 tools registered
2026-02-20T13:41:13.110Z [mcp-bridge] INFO: [deepwiki] 3 tools registered
2026-02-20T13:41:13.111Z [mcp-bridge] INFO: [context7] 2 tools registered
2026-02-20T13:41:13.111Z [mcp-bridge] INFO: [effect-docs] 2 tools registered
2026-02-20T13:41:13.111Z [mcp-bridge] INFO: [anime-js] 5 tools registered
2026-02-20T13:41:13.112Z [mcp-bridge] INFO: [nia] 12 tools registered
2026-02-20T13:41:13.113Z [mcp-bridge] INFO: [firecrawl] 12 tools registered
2026-02-20T13:41:13.113Z [mcp-bridge] INFO: [agentation] 9 tools registered
2026-02-20T13:41:13.113Z [mcp-bridge] INFO: Total: 52 tools from 8 servers
2026-02-20T13:41:14.807Z [mcp-bridge] INFO: Running tool discovery for 8 servers...
2026-02-20T13:41:22.526Z [mcp-bridge] INFO: Cache written: 8 servers
2026-02-20T13:41:22.528Z [mcp-bridge] INFO: [refresh/session_start] +0 ~0 -0 | live applied=0 queued=0 skipped=0 failed=0
2026-02-20T13:42:26.807Z [eisenhower] INFO: extension:loaded
2026-02-20T13:42:27.035Z [mcp-bridge] INFO: [exa] 7 tools registered
2026-02-20T13:42:27.036Z [mcp-bridge] INFO: [deepwiki] 3 tools registered
2026-02-20T13:42:27.036Z [mcp-bridge] INFO: [context7] 2 tools registered
2026-02-20T13:42:27.036Z [mcp-bridge] INFO: [effect-docs] 2 tools registered
2026-02-20T13:42:27.036Z [mcp-bridge] INFO: [anime-js] 5 tools registered
2026-02-20T13:42:27.037Z [mcp-bridge] INFO: [nia] 12 tools registered
2026-02-20T13:42:27.038Z [mcp-bridge] INFO: [firecrawl] 12 tools registered
2026-02-20T13:42:27.038Z [mcp-bridge] INFO: [agentation] 9 tools registered
2026-02-20T13:42:27.038Z [mcp-bridge] INFO: Total: 52 tools from 8 servers
2026-02-20T13:42:28.745Z [mcp-bridge] INFO: Running tool discovery for 8 servers...
2026-02-20T13:42:36.435Z [mcp-bridge] INFO: Cache written: 8 servers
2026-02-20T13:42:36.437Z [mcp-bridge] INFO: [refresh/session_start] +0 ~0 -0 | live applied=0 queued=0 skipped=0 failed=0
2026-02-20T14:13:00.114Z [eisenhower] INFO: extension:loaded
2026-02-20T14:13:00.120Z [eisenhower] INFO: extension:loaded
2026-02-20T14:13:00.168Z [eisenhower] INFO: extension:loaded
2026-02-20T14:13:00.352Z [mcp-bridge] INFO: [exa] 7 tools registered
2026-02-20T14:13:00.353Z [mcp-bridge] INFO: [deepwiki] 3 tools registered
2026-02-20T14:13:00.353Z [mcp-bridge] INFO: [context7] 2 tools registered
2026-02-20T14:13:00.353Z [mcp-bridge] INFO: [effect-docs] 2 tools registered
2026-02-20T14:13:00.353Z [mcp-bridge] INFO: [anime-js] 5 tools registered
2026-02-20T14:13:00.355Z [mcp-bridge] INFO: [nia] 12 tools registered
2026-02-20T14:13:00.355Z [mcp-bridge] INFO: [firecrawl] 12 tools registered
2026-02-20T14:13:00.355Z [mcp-bridge] INFO: [agentation] 9 tools registered
2026-02-20T14:13:00.356Z [mcp-bridge] INFO: Total: 52 tools from 8 servers
2026-02-20T14:13:00.363Z [mcp-bridge] INFO: [exa] 7 tools registered
2026-02-20T14:13:00.363Z [mcp-bridge] INFO: [deepwiki] 3 tools registered
2026-02-20T14:13:00.364Z [mcp-bridge] INFO: [context7] 2 tools registered
2026-02-20T14:13:00.364Z [mcp-bridge] INFO: [effect-docs] 2 tools registered
2026-02-20T14:13:00.364Z [mcp-bridge] INFO: [anime-js] 5 tools registered
2026-02-20T14:13:00.365Z [mcp-bridge] INFO: [nia] 12 tools registered
2026-02-20T14:13:00.366Z [mcp-bridge] INFO: [firecrawl] 12 tools registered
2026-02-20T14:13:00.366Z [mcp-bridge] INFO: [agentation] 9 tools registered
2026-02-20T14:13:00.366Z [mcp-bridge] INFO: Total: 52 tools from 8 servers
2026-02-20T14:13:00.441Z [mcp-bridge] INFO: [exa] 7 tools registered
2026-02-20T14:13:00.442Z [mcp-bridge] INFO: [deepwiki] 3 tools registered
2026-02-20T14:13:00.442Z [mcp-bridge] INFO: [context7] 2 tools registered
2026-02-20T14:13:00.442Z [mcp-bridge] INFO: [effect-docs] 2 tools registered
2026-02-20T14:13:00.443Z [mcp-bridge] INFO: [anime-js] 5 tools registered
2026-02-20T14:13:00.445Z [mcp-bridge] INFO: [nia] 12 tools registered
2026-02-20T14:13:00.446Z [mcp-bridge] INFO: [firecrawl] 12 tools registered
2026-02-20T14:13:00.447Z [mcp-bridge] INFO: [agentation] 9 tools registered
2026-02-20T14:13:00.447Z [mcp-bridge] INFO: Total: 52 tools from 8 servers
2026-02-20T14:13:19.671Z [eisenhower] INFO: extension:loaded
2026-02-20T14:13:19.892Z [mcp-bridge] INFO: [exa] 7 tools registered
2026-02-20T14:13:19.892Z [mcp-bridge] INFO: [deepwiki] 3 tools registered
2026-02-20T14:13:19.892Z [mcp-bridge] INFO: [context7] 2 tools registered
2026-02-20T14:13:19.893Z [mcp-bridge] INFO: [effect-docs] 2 tools registered
2026-02-20T14:13:19.893Z [mcp-bridge] INFO: [anime-js] 5 tools registered
2026-02-20T14:13:19.894Z [mcp-bridge] INFO: [nia] 12 tools registered
2026-02-20T14:13:19.895Z [mcp-bridge] INFO: [firecrawl] 12 tools registered
2026-02-20T14:13:19.895Z [mcp-bridge] INFO: [agentation] 9 tools registered
2026-02-20T14:13:19.895Z [mcp-bridge] INFO: Total: 52 tools from 8 servers
2026-02-20T14:13:21.615Z [mcp-bridge] INFO: Running tool discovery for 8 servers...
2026-02-20T14:13:30.699Z [mcp-bridge] INFO: Cache written: 8 servers
2026-02-20T14:13:30.700Z [mcp-bridge] INFO: [refresh/session_start] +0 ~0 -0 | live applied=0 queued=0 skipped=0 failed=0
2026-02-20T14:13:41.906Z [eisenhower] INFO: extension:loaded
2026-02-20T14:13:42.132Z [mcp-bridge] INFO: [exa] 7 tools registered
2026-02-20T14:13:42.132Z [mcp-bridge] INFO: [deepwiki] 3 tools registered
2026-02-20T14:13:42.133Z [mcp-bridge] INFO: [context7] 2 tools registered
2026-02-20T14:13:42.133Z [mcp-bridge] INFO: [effect-docs] 2 tools registered
2026-02-20T14:13:42.133Z [mcp-bridge] INFO: [anime-js] 5 tools registered
2026-02-20T14:13:42.134Z [mcp-bridge] INFO: [nia] 12 tools registered
2026-02-20T14:13:42.135Z [mcp-bridge] INFO: [firecrawl] 12 tools registered
2026-02-20T14:13:42.135Z [mcp-bridge] INFO: [agentation] 9 tools registered
2026-02-20T14:13:42.135Z [mcp-bridge] INFO: Total: 52 tools from 8 servers
2026-02-20T14:13:43.829Z [mcp-bridge] INFO: Running tool discovery for 8 servers...
2026-02-20T14:13:51.543Z [mcp-bridge] INFO: Cache written: 8 servers
2026-02-20T14:13:51.544Z [mcp-bridge] INFO: [refresh/session_start] +0 ~0 -0 | live applied=0 queued=0 skipped=0 failed=0
2026-02-20T14:13:57.013Z [eisenhower] INFO: extension:loaded
2026-02-20T14:13:57.251Z [mcp-bridge] INFO: [exa] 7 tools registered
2026-02-20T14:13:57.252Z [mcp-bridge] INFO: [deepwiki] 3 tools registered
2026-02-20T14:13:57.252Z [mcp-bridge] INFO: [context7] 2 tools registered
2026-02-20T14:13:57.252Z [mcp-bridge] INFO: [effect-docs] 2 tools registered
2026-02-20T14:13:57.253Z [mcp-bridge] INFO: [anime-js] 5 tools registered
2026-02-20T14:13:57.254Z [mcp-bridge] INFO: [nia] 12 tools registered
2026-02-20T14:13:57.254Z [mcp-bridge] INFO: [firecrawl] 12 tools registered
2026-02-20T14:13:57.254Z [mcp-bridge] INFO: [agentation] 9 tools registered
2026-02-20T14:13:57.255Z [mcp-bridge] INFO: Total: 52 tools from 8 servers
2026-02-20T14:13:58.935Z [mcp-bridge] INFO: Running tool discovery for 8 servers...
2026-02-20T14:14:06.608Z [mcp-bridge] INFO: Cache written: 8 servers
2026-02-20T14:14:06.610Z [mcp-bridge] INFO: [refresh/session_start] +0 ~0 -0 | live applied=0 queued=0 skipped=0 failed=0
2026-02-20T14:19:08.358Z [eisenhower] INFO: extension:loaded
2026-02-20T14:19:08.591Z [mcp-bridge] INFO: [exa] 7 tools registered
2026-02-20T14:19:08.592Z [mcp-bridge] INFO: [deepwiki] 3 tools registered
2026-02-20T14:19:08.592Z [mcp-bridge] INFO: [context7] 2 tools registered
2026-02-20T14:19:08.592Z [mcp-bridge] INFO: [effect-docs] 2 tools registered
2026-02-20T14:19:08.592Z [mcp-bridge] INFO: [anime-js] 5 tools registered
2026-02-20T14:19:08.593Z [mcp-bridge] INFO: [nia] 12 tools registered
2026-02-20T14:19:08.594Z [mcp-bridge] INFO: [firecrawl] 12 tools registered
2026-02-20T14:19:08.594Z [mcp-bridge] INFO: [agentation] 9 tools registered
2026-02-20T14:19:08.595Z [mcp-bridge] INFO: Total: 52 tools from 8 servers
2026-02-20T14:19:24.278Z [eisenhower] INFO: extension:loaded
2026-02-20T14:19:24.511Z [mcp-bridge] INFO: [exa] 7 tools registered
2026-02-20T14:19:24.511Z [mcp-bridge] INFO: [deepwiki] 3 tools registered
2026-02-20T14:19:24.511Z [mcp-bridge] INFO: [context7] 2 tools registered
2026-02-20T14:19:24.512Z [mcp-bridge] INFO: [effect-docs] 2 tools registered
2026-02-20T14:19:24.512Z [mcp-bridge] INFO: [anime-js] 5 tools registered
2026-02-20T14:19:24.513Z [mcp-bridge] INFO: [nia] 12 tools registered
2026-02-20T14:19:24.513Z [mcp-bridge] INFO: [firecrawl] 12 tools registered
2026-02-20T14:19:24.514Z [mcp-bridge] INFO: [agentation] 9 tools registered
2026-02-20T14:19:24.514Z [mcp-bridge] INFO: Total: 52 tools from 8 servers
2026-02-20T14:28:18.016Z [eisenhower] INFO: extension:loaded
2026-02-20T14:28:18.237Z [mcp-bridge] INFO: [exa] 7 tools registered
2026-02-20T14:28:18.237Z [mcp-bridge] INFO: [deepwiki] 3 tools registered
2026-02-20T14:28:18.238Z [mcp-bridge] INFO: [context7] 2 tools registered
2026-02-20T14:28:18.238Z [mcp-bridge] INFO: [effect-docs] 2 tools registered
2026-02-20T14:28:18.238Z [mcp-bridge] INFO: [anime-js] 5 tools registered
2026-02-20T14:28:18.239Z [mcp-bridge] INFO: [nia] 12 tools registered
2026-02-20T14:28:18.240Z [mcp-bridge] INFO: [firecrawl] 12 tools registered
2026-02-20T14:28:18.240Z [mcp-bridge] INFO: [agentation] 9 tools registered
2026-02-20T14:28:18.240Z [mcp-bridge] INFO: Total: 52 tools from 8 servers
2026-02-20T14:28:30.287Z [eisenhower] INFO: extension:loaded
2026-02-20T14:28:30.525Z [mcp-bridge] INFO: [exa] 7 tools registered
2026-02-20T14:28:30.526Z [mcp-bridge] INFO: [deepwiki] 3 tools registered
2026-02-20T14:28:30.526Z [mcp-bridge] INFO: [context7] 2 tools registered
2026-02-20T14:28:30.526Z [mcp-bridge] INFO: [effect-docs] 2 tools registered
2026-02-20T14:28:30.526Z [mcp-bridge] INFO: [anime-js] 5 tools registered
2026-02-20T14:28:30.527Z [mcp-bridge] INFO: [nia] 12 tools registered
2026-02-20T14:28:30.528Z [mcp-bridge] INFO: [firecrawl] 12 tools registered
2026-02-20T14:28:30.528Z [mcp-bridge] INFO: [agentation] 9 tools registered
2026-02-20T14:28:30.528Z [mcp-bridge] INFO: Total: 52 tools from 8 servers
2026-02-20T14:28:40.574Z [eisenhower] INFO: extension:loaded
2026-02-20T14:28:40.797Z [mcp-bridge] INFO: [exa] 7 tools registered
2026-02-20T14:28:40.798Z [mcp-bridge] INFO: [deepwiki] 3 tools registered
2026-02-20T14:28:40.798Z [mcp-bridge] INFO: [context7] 2 tools registered
2026-02-20T14:28:40.798Z [mcp-bridge] INFO: [effect-docs] 2 tools registered
2026-02-20T14:28:40.798Z [mcp-bridge] INFO: [anime-js] 5 tools registered
2026-02-20T14:28:40.799Z [mcp-bridge] INFO: [nia] 12 tools registered
2026-02-20T14:28:40.800Z [mcp-bridge] INFO: [firecrawl] 12 tools registered
2026-02-20T14:28:40.800Z [mcp-bridge] INFO: [agentation] 9 tools registered
2026-02-20T14:28:40.801Z [mcp-bridge] INFO: Total: 52 tools from 8 servers
2026-02-20T14:29:18.380Z [eisenhower] INFO: extension:loaded
2026-02-20T14:29:18.609Z [mcp-bridge] INFO: [exa] 7 tools registered
2026-02-20T14:29:18.609Z [mcp-bridge] INFO: [deepwiki] 3 tools registered
2026-02-20T14:29:18.610Z [mcp-bridge] INFO: [context7] 2 tools registered
2026-02-20T14:29:18.610Z [mcp-bridge] INFO: [effect-docs] 2 tools registered
2026-02-20T14:29:18.610Z [mcp-bridge] INFO: [anime-js] 5 tools registered
2026-02-20T14:29:18.611Z [mcp-bridge] INFO: [nia] 12 tools registered
2026-02-20T14:29:18.612Z [mcp-bridge] INFO: [firecrawl] 12 tools registered
2026-02-20T14:29:18.612Z [mcp-bridge] INFO: [agentation] 9 tools registered
2026-02-20T14:29:18.612Z [mcp-bridge] INFO: Total: 52 tools from 8 servers
2026-02-20T14:29:20.255Z [mcp-bridge] INFO: Running tool discovery for 8 servers...
2026-02-20T14:29:28.130Z [mcp-bridge] INFO: Cache written: 8 servers
2026-02-20T14:29:28.136Z [mcp-bridge] INFO: [refresh/session_start] +0 ~0 -0 | live applied=0 queued=0 skipped=0 failed=0
2026-02-20T14:29:47.329Z [eisenhower] INFO: extension:loaded
2026-02-20T14:29:47.589Z [mcp-bridge] INFO: [exa] 7 tools registered
2026-02-20T14:29:47.590Z [mcp-bridge] INFO: [deepwiki] 3 tools registered
2026-02-20T14:29:47.590Z [mcp-bridge] INFO: [context7] 2 tools registered
2026-02-20T14:29:47.590Z [mcp-bridge] INFO: [effect-docs] 2 tools registered
2026-02-20T14:29:47.590Z [mcp-bridge] INFO: [anime-js] 5 tools registered
2026-02-20T14:29:47.591Z [mcp-bridge] INFO: [nia] 12 tools registered
2026-02-20T14:29:47.592Z [mcp-bridge] INFO: [firecrawl] 12 tools registered
2026-02-20T14:29:47.592Z [mcp-bridge] INFO: [agentation] 9 tools registered
2026-02-20T14:29:47.592Z [mcp-bridge] INFO: Total: 52 tools from 8 servers
2026-02-20T14:33:30.958Z [eisenhower] INFO: extension:loaded
2026-02-20T14:33:31.181Z [mcp-bridge] INFO: [exa] 7 tools registered
2026-02-20T14:33:31.181Z [mcp-bridge] INFO: [deepwiki] 3 tools registered
2026-02-20T14:33:31.182Z [mcp-bridge] INFO: [context7] 2 tools registered
2026-02-20T14:33:31.182Z [mcp-bridge] INFO: [effect-docs] 2 tools registered
2026-02-20T14:33:31.182Z [mcp-bridge] INFO: [anime-js] 5 tools registered
2026-02-20T14:33:31.183Z [mcp-bridge] INFO: [nia] 12 tools registered
2026-02-20T14:33:31.183Z [mcp-bridge] INFO: [firecrawl] 12 tools registered
2026-02-20T14:33:31.184Z [mcp-bridge] INFO: [agentation] 9 tools registered
2026-02-20T14:33:31.184Z [mcp-bridge] INFO: Total: 52 tools from 8 servers
2026-02-20T14:34:02.887Z [eisenhower] INFO: extension:loaded
2026-02-20T14:34:03.096Z [mcp-bridge] INFO: [exa] 7 tools registered
2026-02-20T14:34:03.097Z [mcp-bridge] INFO: [deepwiki] 3 tools registered
2026-02-20T14:34:03.097Z [mcp-bridge] INFO: [context7] 2 tools registered
2026-02-20T14:34:03.097Z [mcp-bridge] INFO: [effect-docs] 2 tools registered
2026-02-20T14:34:03.097Z [mcp-bridge] INFO: [anime-js] 5 tools registered
2026-02-20T14:34:03.098Z [mcp-bridge] INFO: [nia] 12 tools registered
2026-02-20T14:34:03.099Z [mcp-bridge] INFO: [firecrawl] 12 tools registered
2026-02-20T14:34:03.099Z [mcp-bridge] INFO: [agentation] 9 tools registered
2026-02-20T14:34:03.099Z [mcp-bridge] INFO: Total: 52 tools from 8 servers
2026-02-20T14:55:05.248Z [eisenhower] INFO: extension:loaded
2026-02-20T14:55:05.473Z [mcp-bridge] INFO: [exa] 7 tools registered
2026-02-20T14:55:05.473Z [mcp-bridge] INFO: [deepwiki] 3 tools registered
2026-02-20T14:55:05.474Z [mcp-bridge] INFO: [context7] 2 tools registered
2026-02-20T14:55:05.474Z [mcp-bridge] INFO: [effect-docs] 2 tools registered
2026-02-20T14:55:05.474Z [mcp-bridge] INFO: [anime-js] 5 tools registered
2026-02-20T14:55:05.475Z [mcp-bridge] INFO: [nia] 12 tools registered
2026-02-20T14:55:05.476Z [mcp-bridge] INFO: [firecrawl] 12 tools registered
2026-02-20T14:55:05.476Z [mcp-bridge] INFO: [agentation] 9 tools registered
2026-02-20T14:55:05.476Z [mcp-bridge] INFO: Total: 52 tools from 8 servers
2026-02-20T14:55:55.279Z [eisenhower] INFO: extension:loaded
2026-02-20T14:55:55.512Z [mcp-bridge] INFO: [exa] 7 tools registered
2026-02-20T14:55:55.512Z [mcp-bridge] INFO: [deepwiki] 3 tools registered
2026-02-20T14:55:55.512Z [mcp-bridge] INFO: [context7] 2 tools registered
2026-02-20T14:55:55.513Z [mcp-bridge] INFO: [effect-docs] 2 tools registered
2026-02-20T14:55:55.513Z [mcp-bridge] INFO: [anime-js] 5 tools registered
2026-02-20T14:55:55.514Z [mcp-bridge] INFO: [nia] 12 tools registered
2026-02-20T14:55:55.514Z [mcp-bridge] INFO: [firecrawl] 12 tools registered
2026-02-20T14:55:55.515Z [mcp-bridge] INFO: [agentation] 9 tools registered
2026-02-20T14:55:55.515Z [mcp-bridge] INFO: Total: 52 tools from 8 servers
2026-02-20T14:55:57.198Z [mcp-bridge] INFO: Running tool discovery for 8 servers...
2026-02-20T14:56:05.682Z [mcp-bridge] INFO: Cache written: 8 servers
2026-02-20T14:56:05.684Z [mcp-bridge] INFO: [refresh/session_start] +0 ~0 -0 | live applied=0 queued=0 skipped=0 failed=0
2026-02-20T14:56:19.193Z [eisenhower] INFO: extension:loaded
2026-02-20T14:56:19.467Z [mcp-bridge] INFO: [exa] 7 tools registered
2026-02-20T14:56:19.468Z [mcp-bridge] INFO: [deepwiki] 3 tools registered
2026-02-20T14:56:19.468Z [mcp-bridge] INFO: [context7] 2 tools registered
2026-02-20T14:56:19.471Z [mcp-bridge] INFO: [effect-docs] 2 tools registered
2026-02-20T14:56:19.471Z [mcp-bridge] INFO: [anime-js] 5 tools registered
2026-02-20T14:56:19.472Z [mcp-bridge] INFO: [nia] 12 tools registered
2026-02-20T14:56:19.473Z [mcp-bridge] INFO: [firecrawl] 12 tools registered
2026-02-20T14:56:19.473Z [mcp-bridge] INFO: [agentation] 9 tools registered
2026-02-20T14:56:19.473Z [mcp-bridge] INFO: Total: 52 tools from 8 servers
2026-02-20T14:56:53.886Z [eisenhower] INFO: extension:loaded
2026-02-20T14:56:54.115Z [mcp-bridge] INFO: [exa] 7 tools registered
2026-02-20T14:56:54.116Z [mcp-bridge] INFO: [deepwiki] 3 tools registered
2026-02-20T14:56:54.116Z [mcp-bridge] INFO: [context7] 2 tools registered
2026-02-20T14:56:54.116Z [mcp-bridge] INFO: [effect-docs] 2 tools registered
2026-02-20T14:56:54.116Z [mcp-bridge] INFO: [anime-js] 5 tools registered
2026-02-20T14:56:54.117Z [mcp-bridge] INFO: [nia] 12 tools registered
2026-02-20T14:56:54.118Z [mcp-bridge] INFO: [firecrawl] 12 tools registered
2026-02-20T14:56:54.118Z [mcp-bridge] INFO: [agentation] 9 tools registered
2026-02-20T14:56:54.118Z [mcp-bridge] INFO: Total: 52 tools from 8 servers
2026-02-20T14:57:06.884Z [eisenhower] INFO: extension:loaded
2026-02-20T14:57:07.118Z [mcp-bridge] INFO: [exa] 7 tools registered
2026-02-20T14:57:07.118Z [mcp-bridge] INFO: [deepwiki] 3 tools registered
2026-02-20T14:57:07.118Z [mcp-bridge] INFO: [context7] 2 tools registered
2026-02-20T14:57:07.119Z [mcp-bridge] INFO: [effect-docs] 2 tools registered
2026-02-20T14:57:07.119Z [mcp-bridge] INFO: [anime-js] 5 tools registered
2026-02-20T14:57:07.120Z [mcp-bridge] INFO: [nia] 12 tools registered
2026-02-20T14:57:07.120Z [mcp-bridge] INFO: [firecrawl] 12 tools registered
2026-02-20T14:57:07.120Z [mcp-bridge] INFO: [agentation] 9 tools registered
2026-02-20T14:57:07.121Z [mcp-bridge] INFO: Total: 52 tools from 8 servers
2026-02-20T14:57:08.777Z [mcp-bridge] INFO: Running tool discovery for 8 servers...
2026-02-20T14:57:17.006Z [mcp-bridge] INFO: Cache written: 8 servers
2026-02-20T14:57:17.008Z [mcp-bridge] INFO: [refresh/session_start] +0 ~0 -0 | live applied=0 queued=0 skipped=0 failed=0
2026-02-20T14:57:27.907Z [eisenhower] INFO: extension:loaded
2026-02-20T14:57:28.138Z [mcp-bridge] INFO: [exa] 7 tools registered
2026-02-20T14:57:28.138Z [mcp-bridge] INFO: [deepwiki] 3 tools registered
2026-02-20T14:57:28.138Z [mcp-bridge] INFO: [context7] 2 tools registered
2026-02-20T14:57:28.139Z [mcp-bridge] INFO: [effect-docs] 2 tools registered
2026-02-20T14:57:28.139Z [mcp-bridge] INFO: [anime-js] 5 tools registered
2026-02-20T14:57:28.140Z [mcp-bridge] INFO: [nia] 12 tools registered
2026-02-20T14:57:28.140Z [mcp-bridge] INFO: [firecrawl] 12 tools registered
2026-02-20T14:57:28.140Z [mcp-bridge] INFO: [agentation] 9 tools registered
2026-02-20T14:57:28.141Z [mcp-bridge] INFO: Total: 52 tools from 8 servers
2026-02-20T14:57:29.727Z [mcp-bridge] INFO: Running tool discovery for 8 servers...
2026-02-20T14:57:37.481Z [mcp-bridge] INFO: Cache written: 8 servers
2026-02-20T14:57:37.483Z [mcp-bridge] INFO: [refresh/session_start] +0 ~0 -0 | live applied=0 queued=0 skipped=0 failed=0
2026-02-20T14:58:13.647Z [eisenhower] INFO: extension:loaded
2026-02-20T14:58:13.907Z [mcp-bridge] INFO: [exa] 7 tools registered
2026-02-20T14:58:13.908Z [mcp-bridge] INFO: [deepwiki] 3 tools registered
2026-02-20T14:58:13.908Z [mcp-bridge] INFO: [context7] 2 tools registered
2026-02-20T14:58:13.909Z [mcp-bridge] INFO: [effect-docs] 2 tools registered
2026-02-20T14:58:13.909Z [mcp-bridge] INFO: [anime-js] 5 tools registered
2026-02-20T14:58:13.913Z [mcp-bridge] INFO: [nia] 12 tools registered
2026-02-20T14:58:13.914Z [mcp-bridge] INFO: [firecrawl] 12 tools registered
2026-02-20T14:58:13.915Z [mcp-bridge] INFO: [agentation] 9 tools registered
2026-02-20T14:58:13.916Z [mcp-bridge] INFO: Total: 52 tools from 8 servers
2026-02-20T14:58:15.686Z [mcp-bridge] INFO: Running tool discovery for 8 servers...
2026-02-20T14:58:32.616Z [eisenhower] INFO: extension:loaded
2026-02-20T14:58:32.905Z [mcp-bridge] INFO: [exa] 7 tools registered
2026-02-20T14:58:32.906Z [mcp-bridge] INFO: [deepwiki] 3 tools registered
2026-02-20T14:58:32.906Z [mcp-bridge] INFO: [context7] 2 tools registered
2026-02-20T14:58:32.906Z [mcp-bridge] INFO: [effect-docs] 2 tools registered
2026-02-20T14:58:32.906Z [mcp-bridge] INFO: [anime-js] 5 tools registered
2026-02-20T14:58:32.907Z [mcp-bridge] INFO: [nia] 12 tools registered
2026-02-20T14:58:32.908Z [mcp-bridge] INFO: [firecrawl] 12 tools registered
2026-02-20T14:58:32.908Z [mcp-bridge] INFO: [agentation] 9 tools registered
2026-02-20T14:58:32.908Z [mcp-bridge] INFO: Total: 52 tools from 8 servers
2026-02-20T14:58:34.725Z [mcp-bridge] INFO: Running tool discovery for 8 servers...
2026-02-20T14:58:36.743Z [mcp-bridge] INFO: Cache written: 8 servers
2026-02-20T14:58:36.765Z [mcp-bridge] INFO: [refresh/session_start] +0 ~0 -12 | live applied=12 queued=0 skipped=0 failed=0
2026-02-20T14:58:42.927Z [mcp-bridge] INFO: Cache written: 8 servers
2026-02-20T14:58:42.929Z [mcp-bridge] INFO: [refresh/session_start] +0 ~0 -0 | live applied=0 queued=0 skipped=0 failed=0
2026-02-20T14:58:55.383Z [eisenhower] INFO: extension:loaded
2026-02-20T14:58:55.623Z [mcp-bridge] INFO: [exa] 7 tools registered
2026-02-20T14:58:55.623Z [mcp-bridge] INFO: [deepwiki] 3 tools registered
2026-02-20T14:58:55.623Z [mcp-bridge] INFO: [context7] 2 tools registered
2026-02-20T14:58:55.624Z [mcp-bridge] INFO: [effect-docs] 2 tools registered
2026-02-20T14:58:55.624Z [mcp-bridge] INFO: [anime-js] 5 tools registered
2026-02-20T14:58:55.625Z [mcp-bridge] INFO: [nia] 12 tools registered
2026-02-20T14:58:55.625Z [mcp-bridge] INFO: [firecrawl] 12 tools registered
2026-02-20T14:58:55.626Z [mcp-bridge] INFO: [agentation] 9 tools registered
2026-02-20T14:58:55.626Z [mcp-bridge] INFO: Total: 52 tools from 8 servers
2026-02-20T14:58:57.395Z [mcp-bridge] INFO: Running tool discovery for 8 servers...
2026-02-20T14:59:05.178Z [mcp-bridge] INFO: Cache written: 8 servers
2026-02-20T14:59:05.181Z [mcp-bridge] INFO: [refresh/session_start] +0 ~0 -0 | live applied=0 queued=0 skipped=0 failed=0
2026-02-20T14:59:51.652Z [eisenhower] INFO: extension:loaded
2026-02-20T14:59:51.663Z [eisenhower] INFO: extension:loaded
2026-02-20T14:59:51.891Z [mcp-bridge] INFO: [exa] 7 tools registered
2026-02-20T14:59:51.892Z [mcp-bridge] INFO: [deepwiki] 3 tools registered
2026-02-20T14:59:51.892Z [mcp-bridge] INFO: [context7] 2 tools registered
2026-02-20T14:59:51.892Z [mcp-bridge] INFO: [effect-docs] 2 tools registered
2026-02-20T14:59:51.893Z [mcp-bridge] INFO: [anime-js] 5 tools registered
2026-02-20T14:59:51.894Z [mcp-bridge] INFO: [nia] 12 tools registered
2026-02-20T14:59:51.894Z [mcp-bridge] INFO: [firecrawl] 12 tools registered
2026-02-20T14:59:51.894Z [mcp-bridge] INFO: [agentation] 9 tools registered
2026-02-20T14:59:51.895Z [mcp-bridge] INFO: Total: 52 tools from 8 servers
2026-02-20T14:59:51.910Z [mcp-bridge] INFO: [exa] 7 tools registered
2026-02-20T14:59:51.910Z [mcp-bridge] INFO: [deepwiki] 3 tools registered
2026-02-20T14:59:51.911Z [mcp-bridge] INFO: [context7] 2 tools registered
2026-02-20T14:59:51.911Z [mcp-bridge] INFO: [effect-docs] 2 tools registered
2026-02-20T14:59:51.911Z [mcp-bridge] INFO: [anime-js] 5 tools registered
2026-02-20T14:59:51.913Z [mcp-bridge] INFO: [nia] 12 tools registered
2026-02-20T14:59:51.913Z [mcp-bridge] INFO: [firecrawl] 12 tools registered
2026-02-20T14:59:51.914Z [mcp-bridge] INFO: [agentation] 9 tools registered
2026-02-20T14:59:51.914Z [mcp-bridge] INFO: Total: 52 tools from 8 servers
2026-02-20T14:59:53.691Z [mcp-bridge] INFO: Running tool discovery for 8 servers...
2026-02-20T14:59:53.716Z [mcp-bridge] INFO: Running tool discovery for 8 servers...
2026-02-20T15:00:02.155Z [mcp-bridge] INFO: Cache written: 8 servers
2026-02-20T15:00:02.157Z [mcp-bridge] INFO: [refresh/session_start] +0 ~0 -0 | live applied=0 queued=0 skipped=0 failed=0
2026-02-20T15:00:14.971Z [mcp-bridge] INFO: Cache written: 8 servers
2026-02-20T15:00:14.981Z [mcp-bridge] INFO: [refresh/session_start] +0 ~0 -12 | live applied=12 queued=0 skipped=0 failed=0
2026-02-21T00:32:38.510Z [eisenhower] INFO: extension:loaded
2026-02-21T00:32:38.898Z [mcp-bridge] INFO: [exa] 7 tools registered
2026-02-21T00:32:38.899Z [mcp-bridge] INFO: [deepwiki] 3 tools registered
2026-02-21T00:32:38.899Z [mcp-bridge] INFO: [context7] 2 tools registered
2026-02-21T00:32:38.900Z [mcp-bridge] INFO: [effect-docs] 2 tools registered
2026-02-21T00:32:38.900Z [mcp-bridge] INFO: [anime-js] 5 tools registered
2026-02-21T00:32:38.901Z [mcp-bridge] INFO: [firecrawl] 12 tools registered
2026-02-21T00:32:38.902Z [mcp-bridge] INFO: [agentation] 9 tools registered
2026-02-21T00:32:38.902Z [mcp-bridge] INFO: Total: 40 tools from 8 servers
2026-02-21T00:32:41.448Z [mcp-bridge] INFO: Running tool discovery for 8 servers...
2026-02-21T00:33:13.138Z [mcp-bridge] INFO: Cache written: 8 servers
2026-02-21T00:33:13.139Z [mcp-bridge] INFO: [refresh/session_start] +0 ~0 -0 | live applied=0 queued=0 skipped=0 failed=0
2026-02-21T01:02:55.356Z [eisenhower] INFO: extension:loaded
2026-02-21T01:02:55.679Z [mcp-bridge] INFO: [exa] 7 tools registered
2026-02-21T01:02:55.679Z [mcp-bridge] INFO: [deepwiki] 3 tools registered
2026-02-21T01:02:55.680Z [mcp-bridge] INFO: [context7] 2 tools registered
2026-02-21T01:02:55.680Z [mcp-bridge] INFO: [effect-docs] 2 tools registered
2026-02-21T01:02:55.680Z [mcp-bridge] INFO: [anime-js] 5 tools registered
2026-02-21T01:02:55.681Z [mcp-bridge] INFO: [firecrawl] 12 tools registered
2026-02-21T01:02:55.681Z [mcp-bridge] INFO: [agentation] 9 tools registered
2026-02-21T01:02:55.681Z [mcp-bridge] INFO: Total: 40 tools from 8 servers
2026-02-21T01:02:56.096Z [eisenhower] INFO: extension:loaded
2026-02-21T01:02:56.314Z [mcp-bridge] INFO: [exa] 7 tools registered
2026-02-21T01:02:56.315Z [mcp-bridge] INFO: [deepwiki] 3 tools registered
2026-02-21T01:02:56.315Z [mcp-bridge] INFO: [context7] 2 tools registered
2026-02-21T01:02:56.315Z [mcp-bridge] INFO: [effect-docs] 2 tools registered
2026-02-21T01:02:56.315Z [mcp-bridge] INFO: [anime-js] 5 tools registered
2026-02-21T01:02:56.316Z [mcp-bridge] INFO: [firecrawl] 12 tools registered
2026-02-21T01:02:56.316Z [mcp-bridge] INFO: [agentation] 9 tools registered
2026-02-21T01:02:56.316Z [mcp-bridge] INFO: Total: 40 tools from 8 servers
2026-02-21T01:02:58.149Z [mcp-bridge] INFO: Running tool discovery for 8 servers...
2026-02-21T01:02:58.149Z [mcp-bridge] INFO: Running tool discovery for 8 servers...
2026-02-21T01:02:59.371Z [eisenhower] INFO: extension:loaded
2026-02-21T01:02:59.583Z [mcp-bridge] INFO: [exa] 7 tools registered
2026-02-21T01:02:59.583Z [mcp-bridge] INFO: [deepwiki] 3 tools registered
2026-02-21T01:02:59.583Z [mcp-bridge] INFO: [context7] 2 tools registered
2026-02-21T01:02:59.584Z [mcp-bridge] INFO: [effect-docs] 2 tools registered
2026-02-21T01:02:59.584Z [mcp-bridge] INFO: [anime-js] 5 tools registered
2026-02-21T01:02:59.584Z [mcp-bridge] INFO: [firecrawl] 12 tools registered
2026-02-21T01:02:59.585Z [mcp-bridge] INFO: [agentation] 9 tools registered
2026-02-21T01:02:59.585Z [mcp-bridge] INFO: Total: 40 tools from 8 servers
2026-02-21T01:03:01.159Z [mcp-bridge] INFO: Running tool discovery for 8 servers...
2026-02-21T01:03:04.454Z [eisenhower] INFO: extension:loaded
2026-02-21T01:03:04.668Z [mcp-bridge] INFO: [exa] 7 tools registered
2026-02-21T01:03:04.669Z [mcp-bridge] INFO: [deepwiki] 3 tools registered
2026-02-21T01:03:04.669Z [mcp-bridge] INFO: [context7] 2 tools registered
2026-02-21T01:03:04.669Z [mcp-bridge] INFO: [effect-docs] 2 tools registered
2026-02-21T01:03:04.669Z [mcp-bridge] INFO: [anime-js] 5 tools registered
2026-02-21T01:03:04.670Z [mcp-bridge] INFO: [firecrawl] 12 tools registered
2026-02-21T01:03:04.670Z [mcp-bridge] INFO: [agentation] 9 tools registered
2026-02-21T01:03:04.670Z [mcp-bridge] INFO: Total: 40 tools from 8 servers
2026-02-21T01:03:06.286Z [mcp-bridge] INFO: Running tool discovery for 8 servers...
2026-02-21T01:03:06.522Z [mcp-bridge] INFO: Cache written: 8 servers
2026-02-21T01:03:06.560Z [mcp-bridge] INFO: [refresh/session_start] +12 ~0 -26 | live applied=38 queued=0 skipped=0 failed=0
2026-02-21T01:03:08.480Z [eisenhower] INFO: extension:loaded
2026-02-21T01:03:08.692Z [mcp-bridge] INFO: [exa] 7 tools registered
2026-02-21T01:03:08.692Z [mcp-bridge] INFO: [deepwiki] 3 tools registered
2026-02-21T01:03:08.692Z [mcp-bridge] INFO: [context7] 2 tools registered
2026-02-21T01:03:08.693Z [mcp-bridge] INFO: [effect-docs] 2 tools registered
2026-02-21T01:03:08.693Z [mcp-bridge] INFO: [nia] 12 tools registered
2026-02-21T01:03:08.694Z [mcp-bridge] INFO: Total: 26 tools from 8 servers
2026-02-21T01:03:08.842Z [mcp-bridge] INFO: Cache written: 8 servers
2026-02-21T01:03:08.855Z [mcp-bridge] INFO: [refresh/session_start] +12 ~0 -0 | live applied=12 queued=0 skipped=0 failed=0
2026-02-21T01:03:09.137Z [mcp-bridge] INFO: Cache written: 8 servers
2026-02-21T01:03:09.191Z [mcp-bridge] INFO: [refresh/session_start] +12 ~0 -0 | live applied=12 queued=0 skipped=0 failed=0
2026-02-21T01:03:10.345Z [mcp-bridge] INFO: Running tool discovery for 8 servers...
2026-02-21T01:03:16.030Z [mcp-bridge] INFO: Cache written: 8 servers
2026-02-21T01:03:16.044Z [mcp-bridge] INFO: [refresh/session_start] +12 ~0 -0 | live applied=12 queued=0 skipped=0 failed=0
2026-02-21T01:03:19.579Z [mcp-bridge] INFO: Cache written: 8 servers
2026-02-21T01:03:19.600Z [mcp-bridge] INFO: [refresh/session_start] +26 ~0 -0 | live applied=26 queued=0 skipped=0 failed=0
2026-02-21T04:08:52.198Z [eisenhower] INFO: extension:loaded
2026-02-21T04:08:52.522Z [mcp-bridge] INFO: [exa] 7 tools registered
2026-02-21T04:08:52.523Z [mcp-bridge] INFO: [deepwiki] 3 tools registered
2026-02-21T04:08:52.523Z [mcp-bridge] INFO: [context7] 2 tools registered
2026-02-21T04:08:52.523Z [mcp-bridge] INFO: [effect-docs] 2 tools registered
2026-02-21T04:08:52.524Z [mcp-bridge] INFO: [anime-js] 5 tools registered
2026-02-21T04:08:52.524Z [mcp-bridge] INFO: [nia] 12 tools registered
2026-02-21T04:08:52.525Z [mcp-bridge] INFO: [firecrawl] 12 tools registered
2026-02-21T04:08:52.525Z [mcp-bridge] INFO: [agentation] 9 tools registered
2026-02-21T04:08:52.526Z [mcp-bridge] INFO: Total: 52 tools from 8 servers
2026-02-21T04:08:54.533Z [mcp-bridge] INFO: Running tool discovery for 8 servers...
2026-02-21T04:09:03.620Z [mcp-bridge] INFO: Cache written: 8 servers
2026-02-21T04:09:03.623Z [mcp-bridge] INFO: [refresh/session_start] +0 ~0 -0 | live applied=0 queued=0 skipped=0 failed=0
2026-02-21T14:55:34.641Z [eisenhower] INFO: extension:loaded
2026-02-21T14:55:36.016Z [mcp-bridge] INFO: [exa] 7 tools registered
2026-02-21T14:55:36.017Z [mcp-bridge] INFO: [deepwiki] 3 tools registered
2026-02-21T14:55:36.017Z [mcp-bridge] INFO: [context7] 2 tools registered
2026-02-21T14:55:36.017Z [mcp-bridge] INFO: [effect-docs] 2 tools registered
2026-02-21T14:55:36.017Z [mcp-bridge] INFO: [anime-js] 5 tools registered
2026-02-21T14:55:36.017Z [mcp-bridge] INFO: [nia] 12 tools registered
2026-02-21T14:55:36.018Z [mcp-bridge] INFO: [firecrawl] 12 tools registered
2026-02-21T14:55:36.018Z [mcp-bridge] INFO: [agentation] 9 tools registered
2026-02-21T14:55:36.018Z [mcp-bridge] INFO: Total: 52 tools from 8 servers
2026-02-21T14:55:41.735Z [mcp-bridge] INFO: Running tool discovery for 8 servers...
2026-02-21T14:56:02.976Z [mcp-bridge] INFO: Cache written: 8 servers
2026-02-21T14:56:02.977Z [mcp-bridge] INFO: [refresh/session_start] +0 ~0 -0 | live applied=0 queued=0 skipped=0 failed=0
2026-02-21T16:20:41.690Z [eisenhower] INFO: extension:loaded
2026-02-21T16:20:42.121Z [mcp-bridge] INFO: [exa] 7 tools registered
2026-02-21T16:20:42.121Z [mcp-bridge] INFO: [deepwiki] 3 tools registered
2026-02-21T16:20:42.122Z [mcp-bridge] INFO: [context7] 2 tools registered
2026-02-21T16:20:42.122Z [mcp-bridge] INFO: [effect-docs] 2 tools registered
2026-02-21T16:20:42.122Z [mcp-bridge] INFO: [anime-js] 5 tools registered
2026-02-21T16:20:42.124Z [mcp-bridge] INFO: [nia] 12 tools registered
2026-02-21T16:20:42.124Z [mcp-bridge] INFO: [firecrawl] 12 tools registered
2026-02-21T16:20:42.125Z [mcp-bridge] INFO: [agentation] 9 tools registered
2026-02-21T16:20:42.125Z [mcp-bridge] INFO: Total: 52 tools from 8 servers
2026-02-21T16:20:44.872Z [mcp-bridge] INFO: Running tool discovery for 8 servers...
2026-02-21T16:20:54.051Z [mcp-bridge] INFO: Cache written: 8 servers
2026-02-21T16:20:54.056Z [mcp-bridge] INFO: [refresh/session_start] +0 ~0 -0 | live applied=0 queued=0 skipped=0 failed=0
2026-02-21T16:20:55.800Z [eisenhower] INFO: extension:loaded
2026-02-21T16:20:56.023Z [mcp-bridge] INFO: [exa] 7 tools registered
2026-02-21T16:20:56.023Z [mcp-bridge] INFO: [deepwiki] 3 tools registered
2026-02-21T16:20:56.023Z [mcp-bridge] INFO: [context7] 2 tools registered
2026-02-21T16:20:56.024Z [mcp-bridge] INFO: [effect-docs] 2 tools registered
2026-02-21T16:20:56.024Z [mcp-bridge] INFO: [anime-js] 5 tools registered
2026-02-21T16:20:56.025Z [mcp-bridge] INFO: [nia] 12 tools registered
2026-02-21T16:20:56.025Z [mcp-bridge] INFO: [firecrawl] 12 tools registered
2026-02-21T16:20:56.025Z [mcp-bridge] INFO: [agentation] 9 tools registered
2026-02-21T16:20:56.026Z [mcp-bridge] INFO: Total: 52 tools from 8 servers
2026-02-21T16:20:57.258Z [eisenhower] INFO: extension:loaded
2026-02-21T16:20:57.474Z [mcp-bridge] INFO: [exa] 7 tools registered
2026-02-21T16:20:57.475Z [mcp-bridge] INFO: [deepwiki] 3 tools registered
2026-02-21T16:20:57.475Z [mcp-bridge] INFO: [context7] 2 tools registered
2026-02-21T16:20:57.475Z [mcp-bridge] INFO: [effect-docs] 2 tools registered
2026-02-21T16:20:57.475Z [mcp-bridge] INFO: [anime-js] 5 tools registered
2026-02-21T16:20:57.476Z [mcp-bridge] INFO: [nia] 12 tools registered
2026-02-21T16:20:57.476Z [mcp-bridge] INFO: [firecrawl] 12 tools registered
2026-02-21T16:20:57.477Z [mcp-bridge] INFO: [agentation] 9 tools registered
2026-02-21T16:20:57.477Z [mcp-bridge] INFO: Total: 52 tools from 8 servers
2026-02-21T16:20:57.633Z [mcp-bridge] INFO: Running tool discovery for 8 servers...
2026-02-21T16:20:59.126Z [mcp-bridge] INFO: Running tool discovery for 8 servers...
2026-02-21T16:20:59.386Z [eisenhower] INFO: extension:loaded
2026-02-21T16:20:59.598Z [mcp-bridge] INFO: [exa] 7 tools registered
2026-02-21T16:20:59.599Z [mcp-bridge] INFO: [deepwiki] 3 tools registered
2026-02-21T16:20:59.599Z [mcp-bridge] INFO: [context7] 2 tools registered
2026-02-21T16:20:59.599Z [mcp-bridge] INFO: [effect-docs] 2 tools registered
2026-02-21T16:20:59.599Z [mcp-bridge] INFO: [anime-js] 5 tools registered
2026-02-21T16:20:59.600Z [mcp-bridge] INFO: [nia] 12 tools registered
2026-02-21T16:20:59.601Z [mcp-bridge] INFO: [firecrawl] 12 tools registered
2026-02-21T16:20:59.601Z [mcp-bridge] INFO: [agentation] 9 tools registered
2026-02-21T16:20:59.601Z [mcp-bridge] INFO: Total: 52 tools from 8 servers
2026-02-21T16:21:01.269Z [mcp-bridge] INFO: Running tool discovery for 8 servers...
2026-02-21T16:21:01.718Z [eisenhower] INFO: extension:loaded
2026-02-21T16:21:01.934Z [mcp-bridge] INFO: [exa] 7 tools registered
2026-02-21T16:21:01.934Z [mcp-bridge] INFO: [deepwiki] 3 tools registered
2026-02-21T16:21:01.935Z [mcp-bridge] INFO: [context7] 2 tools registered
2026-02-21T16:21:01.935Z [mcp-bridge] INFO: [effect-docs] 2 tools registered
2026-02-21T16:21:01.935Z [mcp-bridge] INFO: [anime-js] 5 tools registered
2026-02-21T16:21:01.936Z [mcp-bridge] INFO: [nia] 12 tools registered
2026-02-21T16:21:01.936Z [mcp-bridge] INFO: [firecrawl] 12 tools registered
2026-02-21T16:21:01.937Z [mcp-bridge] INFO: [agentation] 9 tools registered
2026-02-21T16:21:01.937Z [mcp-bridge] INFO: Total: 52 tools from 8 servers
2026-02-21T16:21:03.600Z [mcp-bridge] INFO: Running tool discovery for 8 servers...
2026-02-21T16:21:04.708Z [mcp-bridge] INFO: Cache written: 8 servers
2026-02-21T16:21:04.710Z [mcp-bridge] INFO: [refresh/session_start] +0 ~0 -0 | live applied=0 queued=0 skipped=0 failed=0
2026-02-21T16:21:05.297Z [mcp-bridge] INFO: Cache written: 8 servers
2026-02-21T16:21:05.299Z [mcp-bridge] INFO: [refresh/session_start] +0 ~0 -0 | live applied=0 queued=0 skipped=0 failed=0
2026-02-21T16:21:08.704Z [mcp-bridge] INFO: Cache written: 8 servers
2026-02-21T16:21:08.706Z [mcp-bridge] INFO: [refresh/session_start] +0 ~0 -0 | live applied=0 queued=0 skipped=0 failed=0
2026-02-21T16:21:11.208Z [mcp-bridge] INFO: Cache written: 8 servers
2026-02-21T16:21:11.210Z [mcp-bridge] INFO: [refresh/session_start] +0 ~0 -0 | live applied=0 queued=0 skipped=0 failed=0
2026-02-21T16:22:04.307Z [eisenhower] INFO: extension:loaded
2026-02-21T16:22:04.524Z [mcp-bridge] INFO: [exa] 7 tools registered
2026-02-21T16:22:04.525Z [mcp-bridge] INFO: [deepwiki] 3 tools registered
2026-02-21T16:22:04.525Z [mcp-bridge] INFO: [context7] 2 tools registered
2026-02-21T16:22:04.525Z [mcp-bridge] INFO: [effect-docs] 2 tools registered
2026-02-21T16:22:04.525Z [mcp-bridge] INFO: [anime-js] 5 tools registered
2026-02-21T16:22:04.526Z [mcp-bridge] INFO: [nia] 12 tools registered
2026-02-21T16:22:04.527Z [mcp-bridge] INFO: [firecrawl] 12 tools registered
2026-02-21T16:22:04.527Z [mcp-bridge] INFO: [agentation] 9 tools registered
2026-02-21T16:22:04.527Z [mcp-bridge] INFO: Total: 52 tools from 8 servers
2026-02-21T16:22:06.146Z [mcp-bridge] INFO: Running tool discovery for 8 servers...
2026-02-21T16:22:13.796Z [mcp-bridge] INFO: Cache written: 8 servers
2026-02-21T16:22:13.798Z [mcp-bridge] INFO: [refresh/session_start] +0 ~0 -0 | live applied=0 queued=0 skipped=0 failed=0
2026-02-22T00:02:54.824Z [eisenhower] INFO: extension:loaded
2026-02-22T00:02:55.237Z [mcp-bridge] INFO: [exa] 7 tools registered
2026-02-22T00:02:55.237Z [mcp-bridge] INFO: [deepwiki] 3 tools registered
2026-02-22T00:02:55.237Z [mcp-bridge] INFO: [context7] 2 tools registered
2026-02-22T00:02:55.238Z [mcp-bridge] INFO: [effect-docs] 2 tools registered
2026-02-22T00:02:55.238Z [mcp-bridge] INFO: [anime-js] 5 tools registered
2026-02-22T00:02:55.239Z [mcp-bridge] INFO: [nia] 12 tools registered
2026-02-22T00:02:55.239Z [mcp-bridge] INFO: [firecrawl] 12 tools registered
2026-02-22T00:02:55.240Z [mcp-bridge] INFO: [agentation] 9 tools registered
2026-02-22T00:02:55.240Z [mcp-bridge] INFO: Total: 52 tools from 8 servers
2026-02-22T00:02:58.143Z [mcp-bridge] INFO: Running tool discovery for 8 servers...
2026-02-22T00:03:23.519Z [mcp-bridge] INFO: Cache written: 8 servers
2026-02-22T00:03:23.538Z [mcp-bridge] INFO: [refresh/session_start] +0 ~0 -12 | live applied=12 queued=0 skipped=0 failed=0
2026-02-22T02:26:41.257Z [eisenhower] INFO: extension:loaded
2026-02-22T02:26:41.671Z [mcp-bridge] INFO: [exa] 7 tools registered
2026-02-22T02:26:41.672Z [mcp-bridge] INFO: [deepwiki] 3 tools registered
2026-02-22T02:26:41.672Z [mcp-bridge] INFO: [context7] 2 tools registered
2026-02-22T02:26:41.672Z [mcp-bridge] INFO: [effect-docs] 2 tools registered
2026-02-22T02:26:41.673Z [mcp-bridge] INFO: [anime-js] 5 tools registered
2026-02-22T02:26:41.674Z [mcp-bridge] INFO: [firecrawl] 12 tools registered
2026-02-22T02:26:41.675Z [mcp-bridge] INFO: [agentation] 9 tools registered
2026-02-22T02:26:41.675Z [mcp-bridge] INFO: Total: 40 tools from 8 servers
2026-02-22T02:26:44.646Z [mcp-bridge] INFO: Running tool discovery for 8 servers...
2026-02-22T02:27:13.301Z [mcp-bridge] INFO: Cache written: 8 servers
2026-02-22T02:27:13.307Z [mcp-bridge] INFO: [refresh/session_start] +0 ~0 -0 | live applied=0 queued=0 skipped=0 failed=0
2026-02-22T02:56:17.318Z [eisenhower] INFO: extension:loaded
2026-02-22T02:56:17.896Z [mcp-bridge] INFO: [exa] 7 tools registered
2026-02-22T02:56:17.897Z [mcp-bridge] INFO: [deepwiki] 3 tools registered
2026-02-22T02:56:17.897Z [mcp-bridge] INFO: [context7] 2 tools registered
2026-02-22T02:56:17.897Z [mcp-bridge] INFO: [effect-docs] 2 tools registered
2026-02-22T02:56:17.897Z [mcp-bridge] INFO: [anime-js] 5 tools registered
2026-02-22T02:56:17.898Z [mcp-bridge] INFO: [firecrawl] 12 tools registered
2026-02-22T02:56:17.899Z [mcp-bridge] INFO: [agentation] 9 tools registered
2026-02-22T02:56:17.899Z [mcp-bridge] INFO: Total: 40 tools from 8 servers
2026-02-22T03:20:30.971Z [eisenhower] INFO: extension:loaded
2026-02-22T03:20:31.695Z [mcp-bridge] INFO: [exa] 7 tools registered
2026-02-22T03:20:31.696Z [mcp-bridge] INFO: [deepwiki] 3 tools registered
2026-02-22T03:20:31.696Z [mcp-bridge] INFO: [context7] 2 tools registered
2026-02-22T03:20:31.696Z [mcp-bridge] INFO: [effect-docs] 2 tools registered
2026-02-22T03:20:31.696Z [mcp-bridge] INFO: [anime-js] 5 tools registered
2026-02-22T03:20:31.697Z [mcp-bridge] INFO: [firecrawl] 12 tools registered
2026-02-22T03:20:31.697Z [mcp-bridge] INFO: [agentation] 9 tools registered
2026-02-22T03:20:31.698Z [mcp-bridge] INFO: Total: 40 tools from 8 servers
2026-02-22T04:45:01.302Z [eisenhower] INFO: extension:loaded
2026-02-22T04:45:02.259Z [mcp-bridge] INFO: [exa] 7 tools registered
2026-02-22T04:45:02.260Z [mcp-bridge] INFO: [deepwiki] 3 tools registered
2026-02-22T04:45:02.260Z [mcp-bridge] INFO: [context7] 2 tools registered
2026-02-22T04:45:02.260Z [mcp-bridge] INFO: [effect-docs] 2 tools registered
2026-02-22T04:45:02.261Z [mcp-bridge] INFO: [anime-js] 5 tools registered
2026-02-22T04:45:02.262Z [mcp-bridge] INFO: [firecrawl] 12 tools registered
2026-02-22T04:45:02.262Z [mcp-bridge] INFO: [agentation] 9 tools registered
2026-02-22T04:45:02.263Z [mcp-bridge] INFO: Total: 40 tools from 8 servers
2026-02-22T04:46:07.816Z [eisenhower] INFO: extension:loaded
2026-02-22T04:46:08.369Z [mcp-bridge] INFO: [exa] 7 tools registered
2026-02-22T04:46:08.370Z [mcp-bridge] INFO: [deepwiki] 3 tools registered
2026-02-22T04:46:08.370Z [mcp-bridge] INFO: [context7] 2 tools registered
2026-02-22T04:46:08.370Z [mcp-bridge] INFO: [effect-docs] 2 tools registered
2026-02-22T04:46:08.370Z [mcp-bridge] INFO: [anime-js] 5 tools registered
2026-02-22T04:46:08.371Z [mcp-bridge] INFO: [firecrawl] 12 tools registered
2026-02-22T04:46:08.371Z [mcp-bridge] INFO: [agentation] 9 tools registered
2026-02-22T04:46:08.371Z [mcp-bridge] INFO: Total: 40 tools from 8 servers
2026-02-22T04:46:16.655Z [eisenhower] INFO: extension:loaded
2026-02-22T04:46:17.168Z [eisenhower] INFO: extension:loaded
2026-02-22T04:46:17.238Z [mcp-bridge] INFO: [exa] 7 tools registered
2026-02-22T04:46:17.239Z [mcp-bridge] INFO: [deepwiki] 3 tools registered
2026-02-22T04:46:17.239Z [mcp-bridge] INFO: [context7] 2 tools registered
2026-02-22T04:46:17.239Z [mcp-bridge] INFO: [effect-docs] 2 tools registered
2026-02-22T04:46:17.239Z [mcp-bridge] INFO: [anime-js] 5 tools registered
2026-02-22T04:46:17.240Z [mcp-bridge] INFO: [firecrawl] 12 tools registered
2026-02-22T04:46:17.240Z [mcp-bridge] INFO: [agentation] 9 tools registered
2026-02-22T04:46:17.240Z [mcp-bridge] INFO: Total: 40 tools from 8 servers
2026-02-22T04:46:17.719Z [mcp-bridge] INFO: [exa] 7 tools registered
2026-02-22T04:46:17.719Z [mcp-bridge] INFO: [deepwiki] 3 tools registered
2026-02-22T04:46:17.719Z [mcp-bridge] INFO: [context7] 2 tools registered
2026-02-22T04:46:17.719Z [mcp-bridge] INFO: [effect-docs] 2 tools registered
2026-02-22T04:46:17.720Z [mcp-bridge] INFO: [anime-js] 5 tools registered
2026-02-22T04:46:17.720Z [mcp-bridge] INFO: [firecrawl] 12 tools registered
2026-02-22T04:46:17.720Z [mcp-bridge] INFO: [agentation] 9 tools registered
2026-02-22T04:46:17.721Z [mcp-bridge] INFO: Total: 40 tools from 8 servers
2026-02-22T04:46:41.810Z [eisenhower] INFO: extension:loaded
2026-02-22T04:46:42.368Z [mcp-bridge] INFO: [exa] 7 tools registered
2026-02-22T04:46:42.369Z [mcp-bridge] INFO: [deepwiki] 3 tools registered
2026-02-22T04:46:42.369Z [mcp-bridge] INFO: [context7] 2 tools registered
2026-02-22T04:46:42.369Z [mcp-bridge] INFO: [effect-docs] 2 tools registered
2026-02-22T04:46:42.369Z [mcp-bridge] INFO: [anime-js] 5 tools registered
2026-02-22T04:46:42.370Z [mcp-bridge] INFO: [firecrawl] 12 tools registered
2026-02-22T04:46:42.370Z [mcp-bridge] INFO: [agentation] 9 tools registered
2026-02-22T04:46:42.370Z [mcp-bridge] INFO: Total: 40 tools from 8 servers
2026-02-22T04:46:50.174Z [eisenhower] INFO: extension:loaded
2026-02-22T04:46:50.710Z [mcp-bridge] INFO: [exa] 7 tools registered
2026-02-22T04:46:50.711Z [mcp-bridge] INFO: [deepwiki] 3 tools registered
2026-02-22T04:46:50.711Z [mcp-bridge] INFO: [context7] 2 tools registered
2026-02-22T04:46:50.711Z [mcp-bridge] INFO: [effect-docs] 2 tools registered
2026-02-22T04:46:50.711Z [mcp-bridge] INFO: [anime-js] 5 tools registered
2026-02-22T04:46:50.712Z [mcp-bridge] INFO: [firecrawl] 12 tools registered
2026-02-22T04:46:50.712Z [mcp-bridge] INFO: [agentation] 9 tools registered
2026-02-22T04:46:50.712Z [mcp-bridge] INFO: Total: 40 tools from 8 servers
2026-02-22T04:47:45.496Z [eisenhower] INFO: extension:loaded
2026-02-22T04:47:46.055Z [mcp-bridge] INFO: [exa] 7 tools registered
2026-02-22T04:47:46.056Z [mcp-bridge] INFO: [deepwiki] 3 tools registered
2026-02-22T04:47:46.056Z [mcp-bridge] INFO: [context7] 2 tools registered
2026-02-22T04:47:46.056Z [mcp-bridge] INFO: [effect-docs] 2 tools registered
2026-02-22T04:47:46.056Z [mcp-bridge] INFO: [anime-js] 5 tools registered
2026-02-22T04:47:46.056Z [mcp-bridge] INFO: [firecrawl] 12 tools registered
2026-02-22T04:47:46.057Z [mcp-bridge] INFO: [agentation] 9 tools registered
2026-02-22T04:47:46.057Z [mcp-bridge] INFO: Total: 40 tools from 8 servers
2026-02-22T04:48:08.954Z [eisenhower] INFO: extension:loaded
2026-02-22T04:48:09.527Z [mcp-bridge] INFO: [exa] 7 tools registered
2026-02-22T04:48:09.528Z [mcp-bridge] INFO: [deepwiki] 3 tools registered
2026-02-22T04:48:09.528Z [mcp-bridge] INFO: [context7] 2 tools registered
2026-02-22T04:48:09.528Z [mcp-bridge] INFO: [effect-docs] 2 tools registered
2026-02-22T04:48:09.528Z [mcp-bridge] INFO: [anime-js] 5 tools registered
2026-02-22T04:48:09.529Z [mcp-bridge] INFO: [firecrawl] 12 tools registered
2026-02-22T04:48:09.529Z [mcp-bridge] INFO: [agentation] 9 tools registered
2026-02-22T04:48:09.529Z [mcp-bridge] INFO: Total: 40 tools from 8 servers
2026-02-22T04:49:45.082Z [eisenhower] INFO: extension:loaded
2026-02-22T04:49:45.631Z [mcp-bridge] INFO: [exa] 7 tools registered
2026-02-22T04:49:45.631Z [mcp-bridge] INFO: [deepwiki] 3 tools registered
2026-02-22T04:49:45.631Z [mcp-bridge] INFO: [context7] 2 tools registered
2026-02-22T04:49:45.632Z [mcp-bridge] INFO: [effect-docs] 2 tools registered
2026-02-22T04:49:45.632Z [mcp-bridge] INFO: [anime-js] 5 tools registered
2026-02-22T04:49:45.632Z [mcp-bridge] INFO: [firecrawl] 12 tools registered
2026-02-22T04:49:45.632Z [mcp-bridge] INFO: [agentation] 9 tools registered
2026-02-22T04:49:45.632Z [mcp-bridge] INFO: Total: 40 tools from 8 servers
2026-02-22T04:50:11.944Z [eisenhower] INFO: extension:loaded
2026-02-22T04:50:12.520Z [mcp-bridge] INFO: [exa] 7 tools registered
2026-02-22T04:50:12.521Z [mcp-bridge] INFO: [deepwiki] 3 tools registered
2026-02-22T04:50:12.521Z [mcp-bridge] INFO: [context7] 2 tools registered
2026-02-22T04:50:12.521Z [mcp-bridge] INFO: [effect-docs] 2 tools registered
2026-02-22T04:50:12.521Z [mcp-bridge] INFO: [anime-js] 5 tools registered
2026-02-22T04:50:12.521Z [mcp-bridge] INFO: [firecrawl] 12 tools registered
2026-02-22T04:50:12.522Z [mcp-bridge] INFO: [agentation] 9 tools registered
2026-02-22T04:50:12.522Z [mcp-bridge] INFO: Total: 40 tools from 8 servers
2026-02-22T04:50:27.484Z [eisenhower] INFO: extension:loaded
2026-02-22T04:50:28.066Z [mcp-bridge] INFO: [exa] 7 tools registered
2026-02-22T04:50:28.066Z [mcp-bridge] INFO: [deepwiki] 3 tools registered
2026-02-22T04:50:28.066Z [mcp-bridge] INFO: [context7] 2 tools registered
2026-02-22T04:50:28.067Z [mcp-bridge] INFO: [effect-docs] 2 tools registered
2026-02-22T04:50:28.067Z [mcp-bridge] INFO: [anime-js] 5 tools registered
2026-02-22T04:50:28.067Z [mcp-bridge] INFO: [firecrawl] 12 tools registered
2026-02-22T04:50:28.067Z [mcp-bridge] INFO: [agentation] 9 tools registered
2026-02-22T04:50:28.068Z [mcp-bridge] INFO: Total: 40 tools from 8 servers
2026-02-22T04:51:51.546Z [eisenhower] INFO: extension:loaded
2026-02-22T04:51:52.069Z [mcp-bridge] INFO: [exa] 7 tools registered
2026-02-22T04:51:52.069Z [mcp-bridge] INFO: [deepwiki] 3 tools registered
2026-02-22T04:51:52.070Z [mcp-bridge] INFO: [context7] 2 tools registered
2026-02-22T04:51:52.070Z [mcp-bridge] INFO: [effect-docs] 2 tools registered
2026-02-22T04:51:52.070Z [mcp-bridge] INFO: [anime-js] 5 tools registered
2026-02-22T04:51:52.070Z [mcp-bridge] INFO: [firecrawl] 12 tools registered
2026-02-22T04:51:52.070Z [mcp-bridge] INFO: [agentation] 9 tools registered
2026-02-22T04:51:52.071Z [mcp-bridge] INFO: Total: 40 tools from 8 servers
2026-02-22T04:52:18.617Z [eisenhower] INFO: extension:loaded
2026-02-22T04:52:19.189Z [mcp-bridge] INFO: [exa] 7 tools registered
2026-02-22T04:52:19.190Z [mcp-bridge] INFO: [deepwiki] 3 tools registered
2026-02-22T04:52:19.190Z [mcp-bridge] INFO: [context7] 2 tools registered
2026-02-22T04:52:19.190Z [mcp-bridge] INFO: [effect-docs] 2 tools registered
2026-02-22T04:52:19.190Z [mcp-bridge] INFO: [anime-js] 5 tools registered
2026-02-22T04:52:19.190Z [mcp-bridge] INFO: [firecrawl] 12 tools registered
2026-02-22T04:52:19.191Z [mcp-bridge] INFO: [agentation] 9 tools registered
2026-02-22T04:52:19.191Z [mcp-bridge] INFO: Total: 40 tools from 8 servers
2026-02-22T04:53:24.928Z [eisenhower] INFO: extension:loaded
2026-02-22T04:53:25.540Z [mcp-bridge] INFO: [exa] 7 tools registered
2026-02-22T04:53:25.540Z [mcp-bridge] INFO: [deepwiki] 3 tools registered
2026-02-22T04:53:25.540Z [mcp-bridge] INFO: [context7] 2 tools registered
2026-02-22T04:53:25.540Z [mcp-bridge] INFO: [effect-docs] 2 tools registered
2026-02-22T04:53:25.541Z [mcp-bridge] INFO: [anime-js] 5 tools registered
2026-02-22T04:53:25.541Z [mcp-bridge] INFO: [firecrawl] 12 tools registered
2026-02-22T04:53:25.541Z [mcp-bridge] INFO: [agentation] 9 tools registered
2026-02-22T04:53:25.542Z [mcp-bridge] INFO: Total: 40 tools from 8 servers
2026-02-22T04:53:47.680Z [eisenhower] INFO: extension:loaded
2026-02-22T04:53:48.234Z [mcp-bridge] INFO: [exa] 7 tools registered
2026-02-22T04:53:48.234Z [mcp-bridge] INFO: [deepwiki] 3 tools registered
2026-02-22T04:53:48.234Z [mcp-bridge] INFO: [context7] 2 tools registered
2026-02-22T04:53:48.234Z [mcp-bridge] INFO: [effect-docs] 2 tools registered
2026-02-22T04:53:48.234Z [mcp-bridge] INFO: [anime-js] 5 tools registered
2026-02-22T04:53:48.235Z [mcp-bridge] INFO: [firecrawl] 12 tools registered
2026-02-22T04:53:48.235Z [mcp-bridge] INFO: [agentation] 9 tools registered
2026-02-22T04:53:48.235Z [mcp-bridge] INFO: Total: 40 tools from 8 servers
2026-02-22T04:54:10.721Z [eisenhower] INFO: extension:loaded
2026-02-22T04:54:11.289Z [mcp-bridge] INFO: [exa] 7 tools registered
2026-02-22T04:54:11.290Z [mcp-bridge] INFO: [deepwiki] 3 tools registered
2026-02-22T04:54:11.290Z [mcp-bridge] INFO: [context7] 2 tools registered
2026-02-22T04:54:11.290Z [mcp-bridge] INFO: [effect-docs] 2 tools registered
2026-02-22T04:54:11.290Z [mcp-bridge] INFO: [anime-js] 5 tools registered
2026-02-22T04:54:11.291Z [mcp-bridge] INFO: [firecrawl] 12 tools registered
2026-02-22T04:54:11.291Z [mcp-bridge] INFO: [agentation] 9 tools registered
2026-02-22T04:54:11.291Z [mcp-bridge] INFO: Total: 40 tools from 8 servers
2026-02-22T04:54:34.123Z [eisenhower] INFO: extension:loaded
2026-02-22T04:54:34.751Z [mcp-bridge] INFO: [exa] 7 tools registered
2026-02-22T04:54:34.752Z [mcp-bridge] INFO: [deepwiki] 3 tools registered
2026-02-22T04:54:34.752Z [mcp-bridge] INFO: [context7] 2 tools registered
2026-02-22T04:54:34.752Z [mcp-bridge] INFO: [effect-docs] 2 tools registered
2026-02-22T04:54:34.753Z [mcp-bridge] INFO: [anime-js] 5 tools registered
2026-02-22T04:54:34.753Z [mcp-bridge] INFO: [firecrawl] 12 tools registered
2026-02-22T04:54:34.754Z [mcp-bridge] INFO: [agentation] 9 tools registered
2026-02-22T04:54:34.754Z [mcp-bridge] INFO: Total: 40 tools from 8 servers
2026-02-22T04:59:12.183Z [eisenhower] INFO: extension:loaded
2026-02-22T04:59:12.744Z [mcp-bridge] INFO: [exa] 7 tools registered
2026-02-22T04:59:12.745Z [mcp-bridge] INFO: [deepwiki] 3 tools registered
2026-02-22T04:59:12.745Z [mcp-bridge] INFO: [context7] 2 tools registered
2026-02-22T04:59:12.745Z [mcp-bridge] INFO: [effect-docs] 2 tools registered
2026-02-22T04:59:12.745Z [mcp-bridge] INFO: [anime-js] 5 tools registered
2026-02-22T04:59:12.745Z [mcp-bridge] INFO: [firecrawl] 12 tools registered
2026-02-22T04:59:12.746Z [mcp-bridge] INFO: [agentation] 9 tools registered
2026-02-22T04:59:12.746Z [mcp-bridge] INFO: Total: 40 tools from 8 servers
2026-02-22T05:08:28.937Z [eisenhower] INFO: extension:loaded
2026-02-22T05:08:29.482Z [mcp-bridge] INFO: [exa] 7 tools registered
2026-02-22T05:08:29.483Z [mcp-bridge] INFO: [deepwiki] 3 tools registered
2026-02-22T05:08:29.483Z [mcp-bridge] INFO: [context7] 2 tools registered
2026-02-22T05:08:29.483Z [mcp-bridge] INFO: [effect-docs] 2 tools registered
2026-02-22T05:08:29.483Z [mcp-bridge] INFO: [anime-js] 5 tools registered
2026-02-22T05:08:29.483Z [mcp-bridge] INFO: [firecrawl] 12 tools registered
2026-02-22T05:08:29.484Z [mcp-bridge] INFO: [agentation] 9 tools registered
2026-02-22T05:08:29.484Z [mcp-bridge] INFO: Total: 40 tools from 8 servers
2026-02-22T05:09:35.308Z [eisenhower] INFO: extension:loaded
2026-02-22T05:09:36.344Z [mcp-bridge] INFO: [exa] 7 tools registered
2026-02-22T05:09:36.345Z [mcp-bridge] INFO: [deepwiki] 3 tools registered
2026-02-22T05:09:36.345Z [mcp-bridge] INFO: [context7] 2 tools registered
2026-02-22T05:09:36.346Z [mcp-bridge] INFO: [effect-docs] 2 tools registered
2026-02-22T05:09:36.346Z [mcp-bridge] INFO: [anime-js] 5 tools registered
2026-02-22T05:09:36.346Z [mcp-bridge] INFO: [firecrawl] 12 tools registered
2026-02-22T05:09:36.346Z [mcp-bridge] INFO: [agentation] 9 tools registered
2026-02-22T05:09:36.347Z [mcp-bridge] INFO: Total: 40 tools from 8 servers
2026-02-22T05:25:57.834Z [eisenhower] INFO: extension:loaded
2026-02-22T05:25:59.061Z [mcp-bridge] INFO: [exa] 7 tools registered
2026-02-22T05:25:59.062Z [mcp-bridge] INFO: [deepwiki] 3 tools registered
2026-02-22T05:25:59.062Z [mcp-bridge] INFO: [context7] 2 tools registered
2026-02-22T05:25:59.062Z [mcp-bridge] INFO: [effect-docs] 2 tools registered
2026-02-22T05:25:59.062Z [mcp-bridge] INFO: [anime-js] 5 tools registered
2026-02-22T05:25:59.063Z [mcp-bridge] INFO: [firecrawl] 12 tools registered
2026-02-22T05:25:59.063Z [mcp-bridge] INFO: [agentation] 9 tools registered
2026-02-22T05:25:59.063Z [mcp-bridge] INFO: Total: 40 tools from 8 servers
2026-02-22T05:26:24.602Z [eisenhower] INFO: extension:loaded
2026-02-22T05:26:25.807Z [mcp-bridge] INFO: [exa] 7 tools registered
2026-02-22T05:26:25.807Z [mcp-bridge] INFO: [deepwiki] 3 tools registered
2026-02-22T05:26:25.808Z [mcp-bridge] INFO: [context7] 2 tools registered
2026-02-22T05:26:25.808Z [mcp-bridge] INFO: [effect-docs] 2 tools registered
2026-02-22T05:26:25.808Z [mcp-bridge] INFO: [anime-js] 5 tools registered
2026-02-22T05:26:25.808Z [mcp-bridge] INFO: [firecrawl] 12 tools registered
2026-02-22T05:26:25.809Z [mcp-bridge] INFO: [agentation] 9 tools registered
2026-02-22T05:26:25.809Z [mcp-bridge] INFO: Total: 40 tools from 8 servers
2026-02-22T06:57:28.267Z [eisenhower] INFO: extension:loaded
2026-02-22T06:57:28.278Z [eisenhower] INFO: extension:loaded
2026-02-22T06:57:28.602Z [mcp-bridge] INFO: [exa] 7 tools registered
2026-02-22T06:57:28.603Z [mcp-bridge] INFO: [deepwiki] 3 tools registered
2026-02-22T06:57:28.603Z [mcp-bridge] INFO: [context7] 2 tools registered
2026-02-22T06:57:28.603Z [mcp-bridge] INFO: [effect-docs] 2 tools registered
2026-02-22T06:57:28.604Z [mcp-bridge] INFO: [anime-js] 5 tools registered
2026-02-22T06:57:28.604Z [mcp-bridge] INFO: [firecrawl] 12 tools registered
2026-02-22T06:57:28.605Z [mcp-bridge] INFO: [agentation] 9 tools registered
2026-02-22T06:57:28.605Z [mcp-bridge] INFO: Total: 40 tools from 8 servers
2026-02-22T06:57:28.605Z [mcp-bridge] INFO: [exa] 7 tools registered
2026-02-22T06:57:28.606Z [mcp-bridge] INFO: [deepwiki] 3 tools registered
2026-02-22T06:57:28.606Z [mcp-bridge] INFO: [context7] 2 tools registered
2026-02-22T06:57:28.606Z [mcp-bridge] INFO: [effect-docs] 2 tools registered
2026-02-22T06:57:28.606Z [mcp-bridge] INFO: [anime-js] 5 tools registered
2026-02-22T06:57:28.607Z [mcp-bridge] INFO: [firecrawl] 12 tools registered
2026-02-22T06:57:28.608Z [mcp-bridge] INFO: [agentation] 9 tools registered
2026-02-22T06:57:28.608Z [mcp-bridge] INFO: Total: 40 tools from 8 servers
2026-02-22T06:57:31.263Z [mcp-bridge] INFO: Running tool discovery for 8 servers...
2026-02-22T06:57:31.298Z [mcp-bridge] INFO: Running tool discovery for 8 servers...
2026-02-22T06:57:34.820Z [eisenhower] INFO: extension:loaded
2026-02-22T06:57:35.035Z [mcp-bridge] INFO: [exa] 7 tools registered
2026-02-22T06:57:35.035Z [mcp-bridge] INFO: [deepwiki] 3 tools registered
2026-02-22T06:57:35.036Z [mcp-bridge] INFO: [context7] 2 tools registered
2026-02-22T06:57:35.036Z [mcp-bridge] INFO: [effect-docs] 2 tools registered
2026-02-22T06:57:35.036Z [mcp-bridge] INFO: [anime-js] 5 tools registered
2026-02-22T06:57:35.037Z [mcp-bridge] INFO: [firecrawl] 12 tools registered
2026-02-22T06:57:35.037Z [mcp-bridge] INFO: [agentation] 9 tools registered
2026-02-22T06:57:35.037Z [mcp-bridge] INFO: Total: 40 tools from 8 servers
2026-02-22T06:57:36.763Z [mcp-bridge] INFO: Running tool discovery for 8 servers...
2026-02-22T06:57:41.677Z [eisenhower] INFO: extension:loaded
2026-02-22T06:57:41.896Z [mcp-bridge] INFO: [exa] 7 tools registered
2026-02-22T06:57:41.896Z [mcp-bridge] INFO: [deepwiki] 3 tools registered
2026-02-22T06:57:41.897Z [mcp-bridge] INFO: [context7] 2 tools registered
2026-02-22T06:57:41.897Z [mcp-bridge] INFO: [effect-docs] 2 tools registered
2026-02-22T06:57:41.897Z [mcp-bridge] INFO: [anime-js] 5 tools registered
2026-02-22T06:57:41.897Z [mcp-bridge] INFO: [firecrawl] 12 tools registered
2026-02-22T06:57:41.898Z [mcp-bridge] INFO: [agentation] 9 tools registered
2026-02-22T06:57:41.898Z [mcp-bridge] INFO: Total: 40 tools from 8 servers
2026-02-22T06:57:43.618Z [mcp-bridge] INFO: Running tool discovery for 8 servers...
2026-02-22T06:57:46.107Z [mcp-bridge] INFO: Cache written: 8 servers
2026-02-22T06:57:46.127Z [mcp-bridge] INFO: [refresh/session_start] +12 ~0 -26 | live applied=38 queued=0 skipped=0 failed=0
2026-02-22T06:57:46.797Z [mcp-bridge] INFO: Cache written: 8 servers
2026-02-22T06:57:46.858Z [mcp-bridge] INFO: [refresh/session_start] +12 ~0 -5 | live applied=17 queued=0 skipped=0 failed=0
2026-02-22T06:57:48.438Z [mcp-bridge] INFO: Cache written: 8 servers
2026-02-22T06:57:48.462Z [mcp-bridge] INFO: [refresh/session_start] +12 ~0 -17 | live applied=29 queued=0 skipped=0 failed=0
2026-02-22T06:57:51.290Z [mcp-bridge] INFO: Cache written: 8 servers
2026-02-22T06:57:51.309Z [mcp-bridge] INFO: [refresh/session_start] +12 ~0 -0 | live applied=12 queued=0 skipped=0 failed=0
2026-02-22T07:03:40.271Z [eisenhower] INFO: extension:loaded
2026-02-22T07:03:40.496Z [mcp-bridge] INFO: [exa] 7 tools registered
2026-02-22T07:03:40.496Z [mcp-bridge] INFO: [deepwiki] 3 tools registered
2026-02-22T07:03:40.496Z [mcp-bridge] INFO: [context7] 2 tools registered
2026-02-22T07:03:40.496Z [mcp-bridge] INFO: [effect-docs] 2 tools registered
2026-02-22T07:03:40.497Z [mcp-bridge] INFO: [anime-js] 5 tools registered
2026-02-22T07:03:40.497Z [mcp-bridge] INFO: [nia] 12 tools registered
2026-02-22T07:03:40.498Z [mcp-bridge] INFO: [firecrawl] 12 tools registered
2026-02-22T07:03:40.498Z [mcp-bridge] INFO: [agentation] 9 tools registered
2026-02-22T07:03:40.498Z [mcp-bridge] INFO: Total: 52 tools from 8 servers
2026-02-22T07:03:42.384Z [mcp-bridge] INFO: Running tool discovery for 8 servers...
2026-02-22T07:03:51.298Z [mcp-bridge] INFO: Cache written: 8 servers
2026-02-22T07:03:51.301Z [mcp-bridge] INFO: [refresh/session_start] +0 ~0 -0 | live applied=0 queued=0 skipped=0 failed=0
2026-02-22T07:38:07.044Z [eisenhower] INFO: extension:loaded
2026-02-22T07:38:08.447Z [mcp-bridge] INFO: [exa] 7 tools registered
2026-02-22T07:38:08.448Z [mcp-bridge] INFO: [deepwiki] 3 tools registered
2026-02-22T07:38:08.448Z [mcp-bridge] INFO: [context7] 2 tools registered
2026-02-22T07:38:08.448Z [mcp-bridge] INFO: [effect-docs] 2 tools registered
2026-02-22T07:38:08.448Z [mcp-bridge] INFO: [anime-js] 5 tools registered
2026-02-22T07:38:08.449Z [mcp-bridge] INFO: [nia] 12 tools registered
2026-02-22T07:38:08.449Z [mcp-bridge] INFO: [firecrawl] 12 tools registered
2026-02-22T07:38:08.449Z [mcp-bridge] INFO: [agentation] 9 tools registered
2026-02-22T07:38:08.450Z [mcp-bridge] INFO: Total: 52 tools from 8 servers
2026-02-22T07:38:09.460Z [eisenhower] INFO: extension:loaded
2026-02-22T07:38:10.786Z [mcp-bridge] INFO: [exa] 7 tools registered
2026-02-22T07:38:10.787Z [mcp-bridge] INFO: [deepwiki] 3 tools registered
2026-02-22T07:38:10.787Z [mcp-bridge] INFO: [context7] 2 tools registered
2026-02-22T07:38:10.787Z [mcp-bridge] INFO: [effect-docs] 2 tools registered
2026-02-22T07:38:10.787Z [mcp-bridge] INFO: [anime-js] 5 tools registered
2026-02-22T07:38:10.788Z [mcp-bridge] INFO: [nia] 12 tools registered
2026-02-22T07:38:10.788Z [mcp-bridge] INFO: [firecrawl] 12 tools registered
2026-02-22T07:38:10.788Z [mcp-bridge] INFO: [agentation] 9 tools registered
2026-02-22T07:38:10.789Z [mcp-bridge] INFO: Total: 52 tools from 8 servers
2026-02-22T07:38:35.946Z [eisenhower] INFO: extension:loaded
2026-02-22T07:38:37.210Z [mcp-bridge] INFO: [exa] 7 tools registered
2026-02-22T07:38:37.210Z [mcp-bridge] INFO: [deepwiki] 3 tools registered
2026-02-22T07:38:37.210Z [mcp-bridge] INFO: [context7] 2 tools registered
2026-02-22T07:38:37.211Z [mcp-bridge] INFO: [effect-docs] 2 tools registered
2026-02-22T07:38:37.211Z [mcp-bridge] INFO: [anime-js] 5 tools registered
2026-02-22T07:38:37.211Z [mcp-bridge] INFO: [nia] 12 tools registered
2026-02-22T07:38:37.212Z [mcp-bridge] INFO: [firecrawl] 12 tools registered
2026-02-22T07:38:37.212Z [mcp-bridge] INFO: [agentation] 9 tools registered
2026-02-22T07:38:37.212Z [mcp-bridge] INFO: Total: 52 tools from 8 servers
2026-02-22T07:39:20.269Z [eisenhower] INFO: extension:loaded
2026-02-22T07:39:21.669Z [mcp-bridge] INFO: [exa] 7 tools registered
2026-02-22T07:39:21.670Z [mcp-bridge] INFO: [deepwiki] 3 tools registered
2026-02-22T07:39:21.670Z [mcp-bridge] INFO: [context7] 2 tools registered
2026-02-22T07:39:21.670Z [mcp-bridge] INFO: [effect-docs] 2 tools registered
2026-02-22T07:39:21.670Z [mcp-bridge] INFO: [anime-js] 5 tools registered
2026-02-22T07:39:21.671Z [mcp-bridge] INFO: [nia] 12 tools registered
2026-02-22T07:39:21.671Z [mcp-bridge] INFO: [firecrawl] 12 tools registered
2026-02-22T07:39:21.671Z [mcp-bridge] INFO: [agentation] 9 tools registered
2026-02-22T07:39:21.672Z [mcp-bridge] INFO: Total: 52 tools from 8 servers
2026-02-22T07:42:08.142Z [eisenhower] INFO: extension:loaded
2026-02-22T07:42:09.480Z [mcp-bridge] INFO: [exa] 7 tools registered
2026-02-22T07:42:09.480Z [mcp-bridge] INFO: [deepwiki] 3 tools registered
2026-02-22T07:42:09.481Z [mcp-bridge] INFO: [context7] 2 tools registered
2026-02-22T07:42:09.481Z [mcp-bridge] INFO: [effect-docs] 2 tools registered
2026-02-22T07:42:09.481Z [mcp-bridge] INFO: [anime-js] 5 tools registered
2026-02-22T07:42:09.481Z [mcp-bridge] INFO: [nia] 12 tools registered
2026-02-22T07:42:09.482Z [mcp-bridge] INFO: [firecrawl] 12 tools registered
2026-02-22T07:42:09.482Z [mcp-bridge] INFO: [agentation] 9 tools registered
2026-02-22T07:42:09.482Z [mcp-bridge] INFO: Total: 52 tools from 8 servers
2026-02-22T07:42:34.317Z [eisenhower] INFO: extension:loaded
2026-02-22T07:42:34.597Z [mcp-bridge] INFO: [exa] 7 tools registered
2026-02-22T07:42:34.598Z [mcp-bridge] INFO: [deepwiki] 3 tools registered
2026-02-22T07:42:34.598Z [mcp-bridge] INFO: [context7] 2 tools registered
2026-02-22T07:42:34.598Z [mcp-bridge] INFO: [effect-docs] 2 tools registered
2026-02-22T07:42:34.598Z [mcp-bridge] INFO: [anime-js] 5 tools registered
2026-02-22T07:42:34.599Z [mcp-bridge] INFO: [nia] 12 tools registered
2026-02-22T07:42:34.600Z [mcp-bridge] INFO: [firecrawl] 12 tools registered
2026-02-22T07:42:34.600Z [mcp-bridge] INFO: [agentation] 9 tools registered
2026-02-22T07:42:34.601Z [mcp-bridge] INFO: Total: 52 tools from 8 servers
2026-02-22T07:42:36.431Z [mcp-bridge] INFO: Running tool discovery for 8 servers...
2026-02-22T07:42:45.083Z [mcp-bridge] INFO: Cache written: 8 servers
2026-02-22T07:42:45.086Z [mcp-bridge] INFO: [refresh/session_start] +0 ~0 -0 | live applied=0 queued=0 skipped=0 failed=0
2026-02-22T07:43:03.010Z [eisenhower] INFO: extension:loaded
2026-02-22T07:43:04.413Z [mcp-bridge] INFO: [exa] 7 tools registered
2026-02-22T07:43:04.414Z [mcp-bridge] INFO: [deepwiki] 3 tools registered
2026-02-22T07:43:04.414Z [mcp-bridge] INFO: [context7] 2 tools registered
2026-02-22T07:43:04.414Z [mcp-bridge] INFO: [effect-docs] 2 tools registered
2026-02-22T07:43:04.415Z [mcp-bridge] INFO: [anime-js] 5 tools registered
2026-02-22T07:43:04.415Z [mcp-bridge] INFO: [nia] 12 tools registered
2026-02-22T07:43:04.416Z [mcp-bridge] INFO: [firecrawl] 12 tools registered
2026-02-22T07:43:04.416Z [mcp-bridge] INFO: [agentation] 9 tools registered
2026-02-22T07:43:04.416Z [mcp-bridge] INFO: Total: 52 tools from 8 servers
2026-02-22T07:43:26.509Z [eisenhower] INFO: extension:loaded
2026-02-22T07:43:27.771Z [mcp-bridge] INFO: [exa] 7 tools registered
2026-02-22T07:43:27.771Z [mcp-bridge] INFO: [deepwiki] 3 tools registered
2026-02-22T07:43:27.771Z [mcp-bridge] INFO: [context7] 2 tools registered
2026-02-22T07:43:27.771Z [mcp-bridge] INFO: [effect-docs] 2 tools registered
2026-02-22T07:43:27.772Z [mcp-bridge] INFO: [anime-js] 5 tools registered
2026-02-22T07:43:27.772Z [mcp-bridge] INFO: [nia] 12 tools registered
2026-02-22T07:43:27.773Z [mcp-bridge] INFO: [firecrawl] 12 tools registered
2026-02-22T07:43:27.773Z [mcp-bridge] INFO: [agentation] 9 tools registered
2026-02-22T07:43:27.773Z [mcp-bridge] INFO: Total: 52 tools from 8 servers
2026-02-22T08:16:50.695Z [eisenhower] INFO: extension:loaded
2026-02-22T08:16:52.071Z [mcp-bridge] INFO: [exa] 7 tools registered
2026-02-22T08:16:52.072Z [mcp-bridge] INFO: [deepwiki] 3 tools registered
2026-02-22T08:16:52.072Z [mcp-bridge] INFO: [context7] 2 tools registered
2026-02-22T08:16:52.072Z [mcp-bridge] INFO: [effect-docs] 2 tools registered
2026-02-22T08:16:52.072Z [mcp-bridge] INFO: [anime-js] 5 tools registered
2026-02-22T08:16:52.074Z [mcp-bridge] INFO: [nia] 12 tools registered
2026-02-22T08:16:52.075Z [mcp-bridge] INFO: [firecrawl] 12 tools registered
2026-02-22T08:16:52.075Z [mcp-bridge] INFO: [agentation] 9 tools registered
2026-02-22T08:16:52.075Z [mcp-bridge] INFO: Total: 52 tools from 8 servers
2026-02-22T08:22:06.481Z [eisenhower] INFO: extension:loaded
2026-02-22T08:22:07.663Z [mcp-bridge] INFO: [exa] 7 tools registered
2026-02-22T08:22:07.663Z [mcp-bridge] INFO: [deepwiki] 3 tools registered
2026-02-22T08:22:07.663Z [mcp-bridge] INFO: [context7] 2 tools registered
2026-02-22T08:22:07.664Z [mcp-bridge] INFO: [effect-docs] 2 tools registered
2026-02-22T08:22:07.664Z [mcp-bridge] INFO: [anime-js] 5 tools registered
2026-02-22T08:22:07.664Z [mcp-bridge] INFO: [nia] 12 tools registered
2026-02-22T08:22:07.665Z [mcp-bridge] INFO: [firecrawl] 12 tools registered
2026-02-22T08:22:07.665Z [mcp-bridge] INFO: [agentation] 9 tools registered
2026-02-22T08:22:07.665Z [mcp-bridge] INFO: Total: 52 tools from 8 servers
2026-02-22T09:33:09.983Z [eisenhower] INFO: extension:loaded
2026-02-22T09:33:11.502Z [mcp-bridge] INFO: [exa] 7 tools registered
2026-02-22T09:33:11.503Z [mcp-bridge] INFO: [deepwiki] 3 tools registered
2026-02-22T09:33:11.503Z [mcp-bridge] INFO: [context7] 2 tools registered
2026-02-22T09:33:11.503Z [mcp-bridge] INFO: [effect-docs] 2 tools registered
2026-02-22T09:33:11.503Z [mcp-bridge] INFO: [anime-js] 5 tools registered
2026-02-22T09:33:11.504Z [mcp-bridge] INFO: [nia] 12 tools registered
2026-02-22T09:33:11.505Z [mcp-bridge] INFO: [firecrawl] 12 tools registered
2026-02-22T09:33:11.506Z [mcp-bridge] INFO: [agentation] 9 tools registered
2026-02-22T09:33:11.506Z [mcp-bridge] INFO: Total: 52 tools from 8 servers
2026-02-22T09:33:33.899Z [eisenhower] INFO: extension:loaded
2026-02-22T09:33:35.139Z [mcp-bridge] INFO: [exa] 7 tools registered
2026-02-22T09:33:35.140Z [mcp-bridge] INFO: [deepwiki] 3 tools registered
2026-02-22T09:33:35.140Z [mcp-bridge] INFO: [context7] 2 tools registered
2026-02-22T09:33:35.140Z [mcp-bridge] INFO: [effect-docs] 2 tools registered
2026-02-22T09:33:35.141Z [mcp-bridge] INFO: [anime-js] 5 tools registered
2026-02-22T09:33:35.141Z [mcp-bridge] INFO: [nia] 12 tools registered
2026-02-22T09:33:35.142Z [mcp-bridge] INFO: [firecrawl] 12 tools registered
2026-02-22T09:33:35.143Z [mcp-bridge] INFO: [agentation] 9 tools registered
2026-02-22T09:33:35.143Z [mcp-bridge] INFO: Total: 52 tools from 8 servers
2026-02-22T09:34:05.620Z [eisenhower] INFO: extension:loaded
2026-02-22T09:34:06.848Z [mcp-bridge] INFO: [exa] 7 tools registered
2026-02-22T09:34:06.849Z [mcp-bridge] INFO: [deepwiki] 3 tools registered
2026-02-22T09:34:06.849Z [mcp-bridge] INFO: [context7] 2 tools registered
2026-02-22T09:34:06.849Z [mcp-bridge] INFO: [effect-docs] 2 tools registered
2026-02-22T09:34:06.849Z [mcp-bridge] INFO: [anime-js] 5 tools registered
2026-02-22T09:34:06.850Z [mcp-bridge] INFO: [nia] 12 tools registered
2026-02-22T09:34:06.852Z [mcp-bridge] INFO: [firecrawl] 12 tools registered
2026-02-22T09:34:06.853Z [mcp-bridge] INFO: [agentation] 9 tools registered
2026-02-22T09:34:06.853Z [mcp-bridge] INFO: Total: 52 tools from 8 servers
2026-02-22T14:59:41.455Z [eisenhower] INFO: extension:loaded
2026-02-22T14:59:44.360Z [mcp-bridge] INFO: [exa] 7 tools registered
2026-02-22T14:59:44.361Z [mcp-bridge] INFO: [deepwiki] 3 tools registered
2026-02-22T14:59:44.361Z [mcp-bridge] INFO: [context7] 2 tools registered
2026-02-22T14:59:44.362Z [mcp-bridge] INFO: [effect-docs] 2 tools registered
2026-02-22T14:59:44.362Z [mcp-bridge] INFO: [anime-js] 5 tools registered
2026-02-22T14:59:44.363Z [mcp-bridge] INFO: [nia] 12 tools registered
2026-02-22T14:59:44.364Z [mcp-bridge] INFO: [firecrawl] 12 tools registered
2026-02-22T14:59:44.364Z [mcp-bridge] INFO: [agentation] 9 tools registered
2026-02-22T14:59:44.364Z [mcp-bridge] INFO: Total: 52 tools from 8 servers
2026-02-23T03:41:40.374Z [eisenhower] INFO: extension:loaded
2026-02-23T03:41:41.815Z [mcp-bridge] INFO: [exa] 7 tools registered
2026-02-23T03:41:41.817Z [mcp-bridge] INFO: [deepwiki] 3 tools registered
2026-02-23T03:41:41.817Z [mcp-bridge] INFO: [context7] 2 tools registered
2026-02-23T03:41:41.817Z [mcp-bridge] INFO: [effect-docs] 2 tools registered
2026-02-23T03:41:41.817Z [mcp-bridge] INFO: [anime-js] 5 tools registered
2026-02-23T03:41:41.818Z [mcp-bridge] INFO: [nia] 12 tools registered
2026-02-23T03:41:41.818Z [mcp-bridge] INFO: [firecrawl] 12 tools registered
2026-02-23T03:41:41.819Z [mcp-bridge] INFO: [agentation] 9 tools registered
2026-02-23T03:41:41.819Z [mcp-bridge] INFO: Total: 52 tools from 8 servers
